2021-10-21 00:00:00, 65201.3, 64640.75, 65088.81
2021-10-21 01:00:00, 65161.2, 64843.16, 65061.49
2021-10-21 02:00:00, 65019.75, 64161.65, 64846.92
2021-10-21 03:00:00, 65244.24, 64444.36, 64678.89
2021-10-21 04:00:00, 66060.08, 65079.8, 65123.04
2021-10-21 05:00:00, 66645.73, 65887.44, 65892.04
2021-10-21 06:00:00, 66214.4, 65625.85, 66212.24
2021-10-21 07:00:00, 65991.22, 63007, 65633.68
2021-10-21 08:00:00, 65150.8, 64383.87, 64827.66
2021-10-21 09:00:00, 65565.77, 64709.17, 65067.8
2021-10-21 10:00:00, 64893.9, 63212.28, 64730.41
2021-10-21 11:00:00, 63870.11, 62355.29, 63664.79
2021-10-21 12:00:00, 63692.83, 62731.42, 63008.48
2021-10-21 13:00:00, 63338.8, 62477.71, 62814.33
2021-10-21 14:00:00, 63190.42, 62493.36, 62493.98
2021-10-21 15:00:00, 63490.78, 62622.77, 62730.12
2021-10-21 16:00:00, 63065.44, 62407.38, 62845.41
2021-10-21 17:00:00, 63014.75, 62278.49, 62668.63
2021-10-21 18:00:00, 63094.34, 62423.46, 62740.05
2021-10-21 19:00:00, 62703.85, 62076.16, 62479.84
2021-10-21 20:00:00, 62898, 62163.68, 62283.96
2021-10-21 21:00:00, 63083.26, 62582.99, 62805.69
2021-10-21 22:00:00, 63003.29, 62544.93, 62585.68
2021-10-21 23:00:00, 63317.09, 62829.4, 62829.4
2021-10-22 00:00:00, 63293.26, 62882.65, 63217.33
2021-10-22 01:00:00, 63186.09, 62808.31, 63045.9
2021-10-22 02:00:00, 63209.67, 62526.05, 63021.11
2021-10-22 03:00:00, 63396.09, 62622.77, 62734.87
2021-10-22 04:00:00, 63647.83, 63290.5, 63387.21
2021-10-22 05:00:00, 63731.17, 63179.68, 63582.12
2021-10-22 06:00:00, 63337.86, 62913.64, 63316.44
2021-10-22 07:00:00, 63460.91, 63193.52, 63212.82
2021-10-22 08:00:00, 63658.31, 63173.44, 63395.97
2021-10-22 09:00:00, 63705.34, 62346.16, 63650.24
2021-10-22 10:00:00, 62410.11, 61218.45, 62400.62
2021-10-22 11:00:00, 61684.87, 60510, 61554.54
2021-10-22 12:00:00, 61368.48, 60017.23, 60664.86
2021-10-22 13:00:00, 61263.86, 60559.41, 61166.8
2021-10-22 14:00:00, 60877.45, 60207.09, 60561.17
2021-10-22 15:00:00, 61016.5, 60322.44, 60625.73
2021-10-22 16:00:00, 61190.52, 60697.34, 61011.33
2021-10-22 17:00:00, 60968.52, 60137.11, 60720.76
2021-10-22 18:00:00, 60812.31, 60312.51, 60395.83
2021-10-22 19:00:00, 60881.91, 60626.29, 60643.41
2021-10-22 20:00:00, 61148.56, 60393.63, 60693.59
2021-10-22 21:00:00, 61222.19, 60864.99, 61148.56
2021-10-22 22:00:00, 61232.72, 60986.02, 61023.15
2021-10-22 23:00:00, 61252.92, 61036.11, 61130.33
2021-10-23 00:00:00, 61544.5, 61017.83, 61232.41
2021-10-23 01:00:00, 61230.52, 60876.12, 61161.83
2021-10-23 02:00:00, 61079.58, 60771.92, 60984.55
2021-10-23 03:00:00, 61082.35, 60720.49, 61035.54
2021-10-23 04:00:00, 61135.49, 60877.97, 60887.01
2021-10-23 05:00:00, 61109.51, 60338.1, 61075.2
2021-10-23 06:00:00, 60785.05, 60093.32, 60666.83
2021-10-23 07:00:00, 61674.38, 59705.11, 60123.38
2021-10-23 08:00:00, 61733.43, 61335.1, 61540.14
2021-10-23 09:00:00, 61677.26, 61209.22, 61537
2021-10-23 10:00:00, 61458.95, 60975.2, 61339.37
2021-10-23 11:00:00, 61527.98, 60745.43, 61050.08
2021-10-23 12:00:00, 61631.45, 60982.91, 61450.09
2021-10-23 13:00:00, 61353.95, 60971.79, 61143.7
2021-10-23 14:00:00, 61401.64, 61110.4, 61236.12
2021-10-23 15:00:00, 61318.45, 60916.69, 61317.48
2021-10-23 16:00:00, 61132.43, 60836.9, 61024.08
2021-10-23 17:00:00, 61439.05, 60937.97, 61126.86
2021-10-23 18:00:00, 61366.98, 60977.96, 61044.4
2021-10-23 19:00:00, 61347.55, 60943.92, 61027.43
2021-10-23 20:00:00, 61481.25, 61076.85, 61313.09
2021-10-23 21:00:00, 61151.28, 60950.87, 61102.93
2021-10-23 22:00:00, 61252.47, 60844.56, 61008.73
2021-10-23 23:00:00, 61287.57, 61117.44, 61202.9
2021-10-24 00:00:00, 61242.85, 60922.28, 61223.36
2021-10-24 01:00:00, 61140.75, 60860.67, 60991.59
2021-10-24 02:00:00, 61106.84, 60653.79, 60916.17
2021-10-24 03:00:00, 60925.21, 60583.75, 60714.55
2021-10-24 04:00:00, 60718.09, 60469.88, 60705.23
2021-10-24 05:00:00, 61276.33, 60470.87, 60525.26
2021-10-24 06:00:00, 61077.46, 60758.92, 60804.55
2021-10-24 07:00:00, 60992.88, 60174.03, 60957.48
2021-10-24 08:00:00, 60803.5, 59878.62, 60298.26
2021-10-24 09:00:00, 60790.93, 60324.71, 60401.79
2021-10-24 10:00:00, 60589.49, 60050.2, 60534.19
2021-10-24 11:00:00, 60303.95, 59641.6, 60099.74
2021-10-24 12:00:00, 60389.64, 59529.34, 59889.9
2021-10-24 13:00:00, 60512.04, 60173.09, 60365.42
2021-10-24 14:00:00, 60316.27, 59786.55, 60316.27
2021-10-24 15:00:00, 60737.48, 60100.25, 60128.72
2021-10-24 16:00:00, 61158.96, 60580.16, 60667.51
2021-10-24 17:00:00, 61338.69, 60859.48, 61156.11
2021-10-24 18:00:00, 61050.47, 60827.58, 60975.8
2021-10-24 19:00:00, 60963.26, 60777.72, 60918.07
2021-10-24 20:00:00, 61817.17, 60658.35, 60863.56
2021-10-24 21:00:00, 62099.41, 61683.53, 61802.46
2021-10-24 22:00:00, 62017.78, 61637.32, 61737.62
2021-10-24 23:00:00, 62224.54, 61864.9, 61957.94
2021-10-25 00:00:00, 62198.94, 61849.53, 62099.49
2021-10-25 01:00:00, 62116.53, 61827.49, 62065.2
2021-10-25 02:00:00, 62055.91, 61814.8, 61856.11
2021-10-25 03:00:00, 62892.2, 61959.83, 62032.11
2021-10-25 04:00:00, 62949.55, 62652.68, 62658.7
2021-10-25 05:00:00, 62865.92, 62668.8, 62731.1
2021-10-25 06:00:00, 62841, 62502.29, 62746.9
2021-10-25 07:00:00, 63177.97, 62709.27, 62788.16
2021-10-25 08:00:00, 63011.89, 62682.16, 62769.72
2021-10-25 09:00:00, 63396.4, 62603.26, 62731.27
2021-10-25 10:00:00, 63341.17, 62972.81, 63258.98
2021-10-25 11:00:00, 63638.97, 63234.08, 63336.58
2021-10-25 12:00:00, 63709.97, 63410.87, 63596.71
2021-10-25 13:00:00, 63657.8, 62821.14, 63612.36
2021-10-25 14:00:00, 63148.72, 62820.32, 63082.3
2021-10-25 15:00:00, 63130.41, 62657.46, 63125.19
2021-10-25 16:00:00, 62807.65, 62533.04, 62661.23
2021-10-25 17:00:00, 63128.98, 62522.78, 62539.99
2021-10-25 18:00:00, 63077.71, 62695.86, 62829.36
2021-10-25 19:00:00, 63164.45, 62962.41, 63016.59
2021-10-25 20:00:00, 63290.04, 62861.03, 63089.04
2021-10-25 21:00:00, 63108.8, 62708.93, 63099.18
2021-10-25 22:00:00, 62910.19, 62669.02, 62713.29
2021-10-25 23:00:00, 62854.8, 62654.48, 62746.36
2021-10-26 00:00:00, 62803.27, 62238.61, 62764.3
2021-10-26 01:00:00, 62620.84, 62348.47, 62463.92
2021-10-26 02:00:00, 62578.57, 62209.08, 62404.23
2021-10-26 03:00:00, 62480.8, 62201.85, 62390.95
2021-10-26 04:00:00, 63109.14, 62432.6, 62444.87
2021-10-26 05:00:00, 62860.79, 62622.55, 62834.15
2021-10-26 06:00:00, 63017.89, 62577.39, 62684.69
2021-10-26 07:00:00, 63072.26, 62699.69, 62999.85
2021-10-26 08:00:00, 62860.64, 62315.06, 62756.46
2021-10-26 09:00:00, 62576.87, 62092.39, 62494.44
2021-10-26 10:00:00, 62226.59, 61824.18, 62204.84
2021-10-26 11:00:00, 62737.17, 61856.9, 61938.28
2021-10-26 12:00:00, 62655.44, 61923.44, 62527.94
2021-10-26 13:00:00, 62510.07, 62001.09, 62052.49
2021-10-26 14:00:00, 62582.84, 62289.84, 62462.14
2021-10-26 15:00:00, 62358.56, 61933.33, 62319.48
2021-10-26 16:00:00, 62292.99, 61889.36, 61992.27
2021-10-26 17:00:00, 62096.93, 60604.65, 62094.83
2021-10-26 18:00:00, 60894.18, 59868.68, 60823.07
2021-10-26 19:00:00, 60566.51, 60183.56, 60288.9
2021-10-26 20:00:00, 60755.77, 60166.36, 60315.68
2021-10-26 21:00:00, 60847.91, 60503.26, 60685.57
2021-10-26 22:00:00, 60638.12, 60404.29, 60538.94
2021-10-26 23:00:00, 60831.68, 60388.14, 60450.12
2021-10-27 00:00:00, 61473, 60548.89, 60716.93
2021-10-27 01:00:00, 61423.95, 60769.49, 61181.38
2021-10-27 02:00:00, 60985.19, 60662.79, 60930.62
2021-10-27 03:00:00, 60955.83, 59944.49, 60714.42
2021-10-27 04:00:00, 59969.65, 58128.18, 59962.79
2021-10-27 05:00:00, 59252.33, 58661.02, 59239.04
2021-10-27 06:00:00, 59137.58, 58387.12, 58956.07
2021-10-27 07:00:00, 59192.11, 58552.47, 58958.63
2021-10-27 08:00:00, 59080.09, 58340.52, 58603.33
2021-10-27 09:00:00, 59336.85, 58935.17, 59043.74
2021-10-27 10:00:00, 59436.14, 58756, 59051.64
2021-10-27 11:00:00, 59386.53, 58793.14, 59198.01
2021-10-27 12:00:00, 59076.85, 58580.75, 58858.87
2021-10-27 13:00:00, 59203.83, 58841.51, 58918.87
2021-10-27 14:00:00, 59054.97, 58741.29, 58938.99
2021-10-27 15:00:00, 59183.41, 58228, 58762.6
2021-10-27 16:00:00, 59605.27, 58603.88, 59108.97
2021-10-27 17:00:00, 59110.22, 58793.94, 58980.88
2021-10-27 18:00:00, 58892.19, 58537.93, 58796.5
2021-10-27 19:00:00, 58933.31, 58450.9, 58789.03
2021-10-27 20:00:00, 58908.99, 58283.11, 58464.42
2021-10-27 21:00:00, 58994.96, 58158.48, 58300.18
2021-10-27 22:00:00, 58957.53, 58689.18, 58953.8
2021-10-27 23:00:00, 59193.13, 58727.98, 58952.72
2021-10-28 00:00:00, 59246.39, 58735.55, 58871.56
2021-10-28 01:00:00, 59173.31, 58786.89, 58817.11
2021-10-28 02:00:00, 59236.7, 58741.86, 59081.65
2021-10-28 03:00:00, 59215.33, 58887.56, 59072.89
2021-10-28 04:00:00, 60678.42, 59010.52, 59022.82
2021-10-28 05:00:00, 61258.13, 60434.07, 60588.93
2021-10-28 06:00:00, 61222.96, 60867.79, 61046.99
2021-10-28 07:00:00, 61114.04, 60809.94, 61057.32
2021-10-28 08:00:00, 61298.13, 60910.33, 60990.93
2021-10-28 09:00:00, 61806.76, 61003.11, 61140.53
2021-10-28 10:00:00, 61682.5, 61277.03, 61596.98
2021-10-28 11:00:00, 61595.08, 61097.89, 61577.23
2021-10-28 12:00:00, 61338.38, 61138.47, 61175.81
2021-10-28 13:00:00, 61318.04, 60878.59, 61204.4
2021-10-28 14:00:00, 61247.55, 58145.43, 61159.41
2021-10-28 15:00:00, 61459.91, 59538.09, 60164.9
2021-10-28 16:00:00, 62252.08, 61194.47, 61387.06
2021-10-28 17:00:00, 61400.75, 60498.52, 61391.04
2021-10-28 18:00:00, 60926.69, 60453.33, 60730.3
2021-10-28 19:00:00, 60797.91, 60360.76, 60548.79
2021-10-28 20:00:00, 61395.32, 60269.97, 60610.11
2021-10-28 21:00:00, 62064.56, 61269.31, 61384.3
2021-10-28 22:00:00, 61739.56, 61397.59, 61437.48
2021-10-28 23:00:00, 61857, 61556.44, 61616.27
2021-10-29 00:00:00, 61719.32, 61433.13, 61673.36
2021-10-29 01:00:00, 61597.34, 60728.06, 61545.24
2021-10-29 02:00:00, 61421.77, 60900.07, 61002.91
2021-10-29 03:00:00, 61376.14, 60371.55, 61376.14
2021-10-29 04:00:00, 60979.82, 60434.05, 60548.94
2021-10-29 05:00:00, 61346.67, 60819.16, 60938.16
2021-10-29 06:00:00, 61048.47, 60591.2, 60874.29
2021-10-29 07:00:00, 61141.42, 60576.95, 61033.39
2021-10-29 08:00:00, 61439.09, 60742.38, 60961.29
2021-10-29 09:00:00, 61360.91, 60778.34, 60966.01
2021-10-29 10:00:00, 61350.63, 61021.4, 61301.67
2021-10-29 11:00:00, 62525.58, 61217.27, 61266.82
2021-10-29 12:00:00, 62967.45, 62296.93, 62297.6
2021-10-29 13:00:00, 62660.27, 62357.38, 62614.36
2021-10-29 14:00:00, 62485.63, 61998.84, 62406.19
2021-10-29 15:00:00, 62630.84, 61933.96, 62072.44
2021-10-29 16:00:00, 62716.53, 62285.95, 62543.24
2021-10-29 17:00:00, 62509.1, 62186.41, 62399.97
2021-10-29 18:00:00, 62478.13, 62213.08, 62384.34
2021-10-29 19:00:00, 62417.09, 62081.73, 62334.56
2021-10-29 20:00:00, 62371.52, 61808.41, 62282.5
2021-10-29 21:00:00, 62157.52, 61858.07, 61938.75
2021-10-29 22:00:00, 62057.46, 61810.97, 62042.54
2021-10-29 23:00:00, 61958.43, 61633.76, 61899.14
2021-10-30 00:00:00, 61921.51, 61467.55, 61688.43
2021-10-30 01:00:00, 61681.87, 61318.31, 61485.1
2021-10-30 02:00:00, 61893.55, 61428.89, 61564.05
2021-10-30 03:00:00, 61804.9, 61530.99, 61804.9
2021-10-30 04:00:00, 61691.07, 61086.34, 61588.04
2021-10-30 05:00:00, 61606.36, 61254.52, 61341.24
2021-10-30 06:00:00, 61907.12, 61272.38, 61433.52
2021-10-30 07:00:00, 62000.6, 61557.63, 61828.15
2021-10-30 08:00:00, 61698.88, 61410.84, 61611
2021-10-30 09:00:00, 62263.54, 61363.72, 61658.83
2021-10-30 10:00:00, 61694.39, 60774.38, 61592.19
2021-10-30 11:00:00, 61461.75, 61207.15, 61218.88
2021-10-30 12:00:00, 61537.39, 61111.8, 61400.31
2021-10-30 13:00:00, 61570.52, 61156.2, 61269.62
2021-10-30 14:00:00, 61599.7, 61404.39, 61432.53
2021-10-30 15:00:00, 61818.54, 61499.88, 61587.94
2021-10-30 16:00:00, 61976.42, 61609.39, 61751.43
2021-10-30 17:00:00, 61725.51, 61494.52, 61697.43
2021-10-30 18:00:00, 61646.36, 61223.42, 61494.52
2021-10-30 19:00:00, 61893.08, 61528.87, 61573.34
2021-10-30 20:00:00, 62397.12, 61889.27, 61891.91
2021-10-30 21:00:00, 62420.57, 62155.45, 62392.42
2021-10-30 22:00:00, 62302.26, 61670.63, 62184.57
2021-10-30 23:00:00, 61892.02, 61627.53, 61781.91
2021-10-31 00:00:00, 61756.56, 61440.11, 61725.97
2021-10-31 01:00:00, 61489.2, 61213.18, 61440.54
2021-10-31 02:00:00, 61396.23, 61114.99, 61318.84
2021-10-31 03:00:00, 61433.9, 61224.76, 61342.2
2021-10-31 04:00:00, 61389.82, 60629.26, 61373.28
2021-10-31 05:00:00, 60846.19, 60594.65, 60807.27
2021-10-31 06:00:00, 61095.05, 60408.27, 60714.54
2021-10-31 07:00:00, 60915.81, 60343.39, 60831.43
2021-10-31 08:00:00, 60815.5, 60196.01, 60464.53
2021-10-31 09:00:00, 60639.92, 60022.06, 60310.16
2021-10-31 10:00:00, 60757.98, 60216.79, 60401.5
2021-10-31 11:00:00, 60751.63, 60372.44, 60448.97
2021-10-31 12:00:00, 60750.27, 60248.92, 60522.57
2021-10-31 13:00:00, 60949.19, 60551.79, 60718.23
2021-10-31 14:00:00, 60844.33, 60443.43, 60672.23
2021-10-31 15:00:00, 60861.1, 60672.88, 60754.69
2021-10-31 16:00:00, 61106.51, 60575.99, 60737.85
2021-10-31 17:00:00, 61531.03, 60926.76, 60969.55
2021-10-31 18:00:00, 61610.74, 61317.6, 61483.09
2021-10-31 19:00:00, 61657.06, 61256.36, 61417.06
2021-10-31 20:00:00, 61702.86, 61182.87, 61349.75
2021-10-31 21:00:00, 61772.06, 61312.44, 61603.97
2021-10-31 22:00:00, 61450.52, 60056.58, 61347.6
2021-10-31 23:00:00, 60643.19, 59887.97, 60582.24
2021-11-01 00:00:00, 60717.93, 59554.88, 59890.76
2021-11-01 01:00:00, 60885.05, 60495.16, 60553.35
2021-11-01 02:00:00, 60954.87, 60327.81, 60647.28
2021-11-01 03:00:00, 62329.73, 60764.14, 60764.14
2021-11-01 04:00:00, 62422.63, 61700.76, 62200.5
2021-11-01 05:00:00, 62239.39, 61906.91, 61959.82
2021-11-01 06:00:00, 62312.54, 61933.43, 61983.11
2021-11-01 07:00:00, 62482.31, 61841.42, 62302.77
2021-11-01 08:00:00, 62209.44, 61715.25, 61854.63
2021-11-01 09:00:00, 62080.57, 61751.94, 61883.96
2021-11-01 10:00:00, 62031.37, 61334.53, 61987.29
2021-11-01 11:00:00, 61620.14, 61432.79, 61481.01
2021-11-01 12:00:00, 61589.01, 61065.78, 61583.64
2021-11-01 13:00:00, 61098.36, 60757.09, 61069.58
2021-11-01 14:00:00, 60830.49, 60541.51, 60788.39
2021-11-01 15:00:00, 61492.88, 60363.66, 60587.64
2021-11-01 16:00:00, 61497.42, 60619.74, 61491.25
2021-11-01 17:00:00, 60922.46, 60456.5, 60706.33
2021-11-01 18:00:00, 61205.18, 60750.74, 60771.68
2021-11-01 19:00:00, 61217.36, 60932.46, 61133.34
2021-11-01 20:00:00, 61424.64, 60677.48, 60960.98
2021-11-01 21:00:00, 61582.95, 60808.57, 60990.8
2021-11-01 22:00:00, 61454.64, 60889.83, 61375.94
2021-11-01 23:00:00, 61183.98, 60843.64, 60954.34
2021-11-02 00:00:00, 61587.38, 61118.18, 61128.94
2021-11-02 01:00:00, 61828.41, 61355.77, 61471.36
2021-11-02 02:00:00, 61865.11, 61615.79, 61818.98
2021-11-02 03:00:00, 61855.53, 61555.36, 61814.88
2021-11-02 04:00:00, 61812.09, 61416.84, 61560.54
2021-11-02 05:00:00, 63225.57, 61542.99, 61615.36
2021-11-02 06:00:00, 63595.2, 63090.42, 63136.13
2021-11-02 07:00:00, 63404.88, 62963.32, 63265.45
2021-11-02 08:00:00, 63281.73, 62966.31, 62966.38
2021-11-02 09:00:00, 63490.61, 63055.73, 63056.58
2021-11-02 10:00:00, 63897.25, 63094.54, 63449.52
2021-11-02 11:00:00, 64283.57, 63386.91, 63396.85
2021-11-02 12:00:00, 64283.05, 63675.28, 64066.11
2021-11-02 13:00:00, 63804.12, 63461.54, 63705.59
2021-11-02 14:00:00, 63541.03, 63275.28, 63488.02
2021-11-02 15:00:00, 63691.22, 63273.58, 63279.72
2021-11-02 16:00:00, 63632.15, 63093.29, 63624.75
2021-11-02 17:00:00, 63207.33, 62963.73, 63133.2
2021-11-02 18:00:00, 63198.66, 62966.62, 63045.13
2021-11-02 19:00:00, 63268.31, 62666.06, 62975.83
2021-11-02 20:00:00, 63553.52, 62917.66, 63260.05
2021-11-02 21:00:00, 63546.44, 63066.61, 63546.44
2021-11-02 22:00:00, 63249.15, 62806.31, 63191.84
2021-11-02 23:00:00, 63284.92, 62992.71, 63201.57
2021-11-03 00:00:00, 63263.17, 62787.94, 63261.35
2021-11-03 01:00:00, 63221.23, 62809.44, 62813.64
2021-11-03 02:00:00, 63143.72, 62870.51, 63081.57
2021-11-03 03:00:00, 63538.24, 62833.61, 62884.26
2021-11-03 04:00:00, 63436.3, 62958.68, 63434.18
2021-11-03 05:00:00, 63377.68, 62928.27, 63009.68
2021-11-03 06:00:00, 63451.81, 63158.32, 63341.67
2021-11-03 07:00:00, 63236.48, 62973.05, 63171.69
2021-11-03 08:00:00, 63191.06, 62305.34, 63167.09
2021-11-03 09:00:00, 62702.06, 61705.15, 62519.05
2021-11-03 10:00:00, 62117.14, 61624.79, 61855.32
2021-11-03 11:00:00, 62247.57, 61792.66, 62009.76
2021-11-03 12:00:00, 62534.85, 62029.88, 62235.59
2021-11-03 13:00:00, 62688.72, 62118.24, 62156.54
2021-11-03 14:00:00, 63216.37, 61057.89, 62519.97
2021-11-03 15:00:00, 63365.09, 62837.41, 63173.18
2021-11-03 16:00:00, 63044.78, 62749.76, 62839.12
2021-11-03 17:00:00, 63226.13, 62758.42, 62759.46
2021-11-03 18:00:00, 63191.04, 62783.67, 63122.59
2021-11-03 19:00:00, 63105.56, 62811.25, 62827.44
2021-11-03 20:00:00, 63102.86, 62774.21, 62929.93
2021-11-03 21:00:00, 62865.58, 62364.29, 62846.01
2021-11-03 22:00:00, 62574.9, 62258.21, 62376.64
2021-11-03 23:00:00, 62604.21, 62329.04, 62574.63
2021-11-04 00:00:00, 62845.89, 62454.39, 62468.02
2021-11-04 01:00:00, 62775.57, 62385.91, 62714.29
2021-11-04 02:00:00, 62662.07, 62391.03, 62414.08
2021-11-04 03:00:00, 62646.57, 61895.57, 62482.64
2021-11-04 04:00:00, 62333.9, 61625.6, 61895.67
2021-11-04 05:00:00, 61864.96, 61387.81, 61641.05
2021-11-04 06:00:00, 62011.73, 61673.35, 61843.36
2021-11-04 07:00:00, 61997.55, 61327.93, 61958.16
2021-11-04 08:00:00, 61922.38, 61361.9, 61497.93
2021-11-04 09:00:00, 62241.94, 61629.44, 61915.48
2021-11-04 10:00:00, 62422.02, 61736.66, 62157.7
2021-11-04 11:00:00, 61868.32, 60836.49, 61820.62
2021-11-04 12:00:00, 61355.36, 60894.48, 61095.36
2021-11-04 13:00:00, 61289.75, 60799.74, 61223.48
2021-11-04 14:00:00, 61410.43, 60773.82, 60914.03
2021-11-04 15:00:00, 61310.08, 60745.84, 60793.72
2021-11-04 16:00:00, 61564.18, 61111.32, 61257.15
2021-11-04 17:00:00, 61486.65, 61204.04, 61366.81
2021-11-04 18:00:00, 61422.31, 61067.95, 61397.6
2021-11-04 19:00:00, 61530.57, 61154.81, 61186.48
2021-11-04 20:00:00, 61525.94, 60870.69, 61448.47
2021-11-04 21:00:00, 61804.87, 60895.59, 60917.13
2021-11-04 22:00:00, 61960, 61700.66, 61803.36
2021-11-04 23:00:00, 62358.78, 61691.04, 61700.66
2021-11-05 00:00:00, 62400.31, 62137.74, 62262.44
2021-11-05 01:00:00, 62226.13, 61949.3, 62142.73
2021-11-05 02:00:00, 62621.97, 62198.56, 62220.35
2021-11-05 03:00:00, 62517.7, 62161.44, 62217.73
2021-11-05 04:00:00, 62244.61, 62012.17, 62183.4
2021-11-05 05:00:00, 62265.98, 61584.72, 62232.62
2021-11-05 06:00:00, 61822.81, 61517.6, 61748.49
2021-11-05 07:00:00, 61827.66, 61269.49, 61615.2
2021-11-05 08:00:00, 61601.11, 61225.6, 61311.4
2021-11-05 09:00:00, 61963.08, 61504.89, 61564.21
2021-11-05 10:00:00, 61901.52, 61266.31, 61827.77
2021-11-05 11:00:00, 61373.03, 60811.9, 61315.43
2021-11-05 12:00:00, 61054.18, 60798.68, 60850.31
2021-11-05 13:00:00, 61124.19, 60825.94, 60922.93
2021-11-05 14:00:00, 61378.45, 60957.57, 61018.18
2021-11-05 15:00:00, 61241.61, 60889.59, 61235.95
2021-11-05 16:00:00, 61153.97, 60789.16, 61153.28
2021-11-05 17:00:00, 61234.71, 60952.34, 60969.97
2021-11-05 18:00:00, 61359.96, 61057.49, 61106.79
2021-11-05 19:00:00, 61134.64, 60869.19, 61121.19
2021-11-05 20:00:00, 61338.11, 60868.76, 61019.66
2021-11-05 21:00:00, 61329.33, 61032.26, 61240.37
2021-11-05 22:00:00, 61270.35, 60956.86, 61235.4
2021-11-05 23:00:00, 61198.53, 61005.17, 61033.33
2021-11-06 00:00:00, 61315.79, 61046.28, 61171.48
2021-11-06 01:00:00, 61528.41, 61250.93, 61250.93
2021-11-06 02:00:00, 61594.16, 61226.06, 61486.03
2021-11-06 03:00:00, 61334.01, 60576.01, 61315.01
2021-11-06 04:00:00, 61377.16, 60793.07, 60846.85
2021-11-06 05:00:00, 61199.67, 60917.25, 61064.26
2021-11-06 06:00:00, 61041.36, 60513.37, 60975.27
2021-11-06 07:00:00, 60662.39, 60162.9, 60542.46
2021-11-06 08:00:00, 60633.61, 60130.85, 60383.49
2021-11-06 09:00:00, 60718.4, 60293.08, 60316.24
2021-11-06 10:00:00, 60757.25, 60374.13, 60582.35
2021-11-06 11:00:00, 60802.32, 60628.04, 60652.79
2021-11-06 12:00:00, 60879.1, 60497.69, 60703.95
2021-11-06 13:00:00, 60893.09, 60659.96, 60669.73
2021-11-06 14:00:00, 60885.59, 60729.12, 60747.14
2021-11-06 15:00:00, 61222.76, 60803.96, 60805.03
2021-11-06 16:00:00, 61440.27, 61163.36, 61220.49
2021-11-06 17:00:00, 61529.1, 61203.15, 61203.4
2021-11-06 18:00:00, 61533.16, 61369.17, 61448.88
2021-11-06 19:00:00, 61530.87, 61337.48, 61406.86
2021-11-06 20:00:00, 61964.31, 61406.56, 61529.76
2021-11-06 21:00:00, 62345.43, 61861.67, 61964.31
2021-11-06 22:00:00, 62167.41, 61839.15, 61912.66
2021-11-06 23:00:00, 62247.05, 61978.9, 61986.27
2021-11-07 00:00:00, 62343.15, 62186.39, 62207.37
2021-11-07 01:00:00, 62245.63, 61984.41, 62244.9
2021-11-07 01:00:00, 62108.74, 61844.66, 61996.97
2021-11-07 02:00:00, 61970.03, 61777.02, 61876.93
2021-11-07 03:00:00, 61878.92, 61687.56, 61816.38
2021-11-07 04:00:00, 62049.77, 61541.5, 61732.16
2021-11-07 05:00:00, 62384.93, 61869.7, 62013.92
2021-11-07 06:00:00, 61987.54, 61651.22, 61969.96
2021-11-07 07:00:00, 62147.41, 61797.83, 61950.02
2021-11-07 08:00:00, 62178.05, 61815.74, 61818.15
2021-11-07 09:00:00, 62071.34, 61834.96, 61903.9
2021-11-07 10:00:00, 62004.04, 61767.99, 61836.8
2021-11-07 11:00:00, 62285.86, 61988.34, 61993.89
2021-11-07 12:00:00, 62523.63, 62084.66, 62088.57
2021-11-07 13:00:00, 62551.32, 62154.13, 62500.99
2021-11-07 14:00:00, 62538.47, 62202.59, 62494.17
2021-11-07 15:00:00, 62816.47, 62230.56, 62318.45
2021-11-07 16:00:00, 63097.38, 62678.48, 62678.55
2021-11-07 17:00:00, 63037.79, 62819.2, 62882.18
2021-11-07 18:00:00, 63309.57, 62813.68, 62852.34
2021-11-07 19:00:00, 65031.74, 63302.78, 63302.78
2021-11-07 20:00:00, 65643.53, 65003.11, 65029.97
2021-11-07 21:00:00, 65374.38, 65095.6, 65147.33
2021-11-07 22:00:00, 65251.68, 65020.21, 65101.91
2021-11-07 23:00:00, 65374.29, 65115.12, 65223.93
2021-11-08 00:00:00, 65636.03, 65141.42, 65198.84
2021-11-08 01:00:00, 66152.61, 65409.64, 65469.91
2021-11-08 02:00:00, 66338, 65629.31, 65957.41
2021-11-08 03:00:00, 66276, 65642.66, 65981.55
2021-11-08 04:00:00, 66415.31, 66045.64, 66265.01
2021-11-08 05:00:00, 66170.68, 65756.49, 66104.77
2021-11-08 06:00:00, 66080.58, 65800.07, 66047.2
2021-11-08 07:00:00, 66162.55, 65783.37, 66063.7
2021-11-08 08:00:00, 65990.39, 65322.86, 65834.44
2021-11-08 09:00:00, 65563.31, 65212.28, 65415.24
2021-11-08 10:00:00, 66503.79, 65283.48, 65342.62
2021-11-08 11:00:00, 66556.91, 65912.56, 66416.53
2021-11-08 12:00:00, 66228.6, 65864.8, 65960.89
2021-11-08 13:00:00, 66024.41, 65810.88, 66004.98
2021-11-08 14:00:00, 66104.92, 65839.05, 65947.13
2021-11-08 15:00:00, 66165.96, 65616.94, 65839.05
2021-11-08 16:00:00, 66428.63, 65995.04, 66077.47
2021-11-08 17:00:00, 66558.26, 66105.71, 66135.7
2021-11-08 18:00:00, 67755.46, 66408.8, 66535.51
2021-11-08 19:00:00, 67744.88, 67144.21, 67549.14
2021-11-08 20:00:00, 67673.76, 67383.17, 67647.72
2021-11-08 21:00:00, 67816.02, 67320.78, 67527.21
2021-11-08 22:00:00, 68514.26, 67562.31, 67634.22
2021-11-08 23:00:00, 68498.73, 68155.4, 68488.27
2021-11-09 00:00:00, 68387.57, 67889.67, 68295.24
2021-11-09 01:00:00, 68206.26, 67740.93, 68139.38
2021-11-09 02:00:00, 68162.86, 67696.73, 68054.3
2021-11-09 03:00:00, 68143.44, 67743.56, 67898.05
2021-11-09 04:00:00, 68241.4, 67909.08, 68116.79
2021-11-09 05:00:00, 68249.47, 67850.14, 68240.99
2021-11-09 06:00:00, 67924.54, 67355.33, 67868.27
2021-11-09 07:00:00, 67738.49, 67306.69, 67607.31
2021-11-09 08:00:00, 68084.64, 67553.17, 67565.82
2021-11-09 09:00:00, 68080.97, 67187.55, 68080.97
2021-11-09 10:00:00, 67526.69, 66664.45, 67347.08
2021-11-09 11:00:00, 67011.88, 66452.21, 66795.27
2021-11-09 12:00:00, 66925.11, 66312.42, 66707.45
2021-11-09 13:00:00, 67243.5, 66542.35, 66825.87
2021-11-09 14:00:00, 66827.8, 66359.2, 66546.67
2021-11-09 15:00:00, 67360.62, 66691.63, 66825.48
2021-11-09 16:00:00, 67790.86, 67278.33, 67360.62
2021-11-09 17:00:00, 67745.61, 67013.24, 67738.18
2021-11-09 18:00:00, 67428.01, 66769.96, 67303.52
2021-11-09 19:00:00, 67378.35, 66793.36, 66939.24
2021-11-09 20:00:00, 67302.25, 66873.78, 66994.91
2021-11-09 21:00:00, 67180.99, 66806.82, 67020.02
2021-11-09 22:00:00, 66823.33, 66370.2, 66816.78
2021-11-09 23:00:00, 66654.45, 66272.77, 66483.37
2021-11-10 00:00:00, 66635.96, 66295.23, 66632.2
2021-11-10 01:00:00, 66599.92, 66254.94, 66349.87
2021-11-10 02:00:00, 66732.46, 66331.18, 66532.53
2021-11-10 03:00:00, 66831.95, 66370.98, 66439.5
2021-11-10 04:00:00, 66820.05, 66566.5, 66630.19
2021-11-10 05:00:00, 67070.86, 66653.61, 66688.59
2021-11-10 06:00:00, 66896.45, 66544.26, 66795.93
2021-11-10 07:00:00, 66944.48, 66273.52, 66544.47
2021-11-10 08:00:00, 67997.69, 66041.73, 66391.74
2021-11-10 09:00:00, 68978.64, 67926.02, 67980.12
2021-11-10 10:00:00, 68494.27, 68219.65, 68396.35
2021-11-10 11:00:00, 68745.44, 68355.17, 68361.3
2021-11-10 12:00:00, 68777.6, 68464.62, 68519.63
2021-11-10 13:00:00, 68632.08, 67616.01, 68624.18
2021-11-10 14:00:00, 67998.52, 66586.83, 67783.12
2021-11-10 15:00:00, 67029.86, 65236.82, 66630.17
2021-11-10 16:00:00, 66141.92, 63196.25, 65868.31
2021-11-10 17:00:00, 65285.18, 63970.39, 64317.6
2021-11-10 18:00:00, 65155.92, 64311.13, 65155.92
2021-11-10 19:00:00, 65015.31, 64219.89, 64926.06
2021-11-10 20:00:00, 65068.63, 64393.26, 64963.88
2021-11-10 21:00:00, 64768.73, 64130.37, 64768.73
2021-11-10 22:00:00, 64830.96, 64410.98, 64523.15
2021-11-10 23:00:00, 64793.95, 64428.68, 64767.16
2021-11-11 00:00:00, 64898.42, 64594.61, 64642.21
2021-11-11 01:00:00, 64986.43, 64547.41, 64684.11
2021-11-11 02:00:00, 65385.54, 64824.46, 64839.39
2021-11-11 03:00:00, 65411.33, 64613.97, 65239.13
2021-11-11 04:00:00, 65585.68, 65047.14, 65369.84
2021-11-11 05:00:00, 65396.17, 65120.61, 65380.36
2021-11-11 06:00:00, 65330.67, 65000.94, 65255.16
2021-11-11 07:00:00, 65350.04, 64718.7, 65267.74
2021-11-11 08:00:00, 65158.89, 64663.51, 65025.51
2021-11-11 09:00:00, 65467.28, 64436.64, 64760.3
2021-11-11 10:00:00, 65336.41, 64714.66, 65197.97
2021-11-11 11:00:00, 65240.96, 64765.34, 64825.71
2021-11-11 12:00:00, 65265.11, 64912.97, 65085.78
2021-11-11 13:00:00, 65033.17, 64616.12, 64956.88
2021-11-11 14:00:00, 65252.33, 64767.45, 64780.16
2021-11-11 15:00:00, 65243.68, 64799.15, 65164.49
2021-11-11 16:00:00, 65099.98, 64788.58, 64827.45
2021-11-11 17:00:00, 65339.56, 64940.15, 65072.42
2021-11-11 18:00:00, 65208.87, 64804.06, 65208.87
2021-11-11 19:00:00, 64953.9, 64701.33, 64820.8
2021-11-11 20:00:00, 65382.16, 64122.05, 64853.71
2021-11-11 21:00:00, 65466, 64956.96, 65133.8
2021-11-11 22:00:00, 65078.93, 64795.32, 65035.77
2021-11-11 23:00:00, 65078.28, 64733.04, 64860.36
2021-11-12 00:00:00, 65023.98, 64691.83, 64970.96
2021-11-12 01:00:00, 64845.54, 64484.56, 64698.82
2021-11-12 02:00:00, 64635.57, 64249.52, 64528.68
2021-11-12 03:00:00, 64952.41, 64288.51, 64482.67
2021-11-12 04:00:00, 64903.11, 63682.48, 64902.78
2021-11-12 05:00:00, 64206.84, 63569.4, 63816.92
2021-11-12 06:00:00, 64046.12, 63529.96, 63664.46
2021-11-12 07:00:00, 64201.27, 63383.49, 63756.09
2021-11-12 08:00:00, 64086.98, 63280.85, 63836.99
2021-11-12 09:00:00, 64183.66, 63483.38, 64008.49
2021-11-12 10:00:00, 63568.4, 62921.06, 63492.47
2021-11-12 11:00:00, 63383.21, 62315.02, 63185.25
2021-11-12 12:00:00, 63626.84, 62964.56, 63096.07
2021-11-12 13:00:00, 64114.4, 63586.57, 63623.17
2021-11-12 14:00:00, 63921.86, 63610.4, 63906.28
2021-11-12 15:00:00, 64306.31, 63860.48, 63872.91
2021-11-12 16:00:00, 64496.76, 64030.69, 64152.08
2021-11-12 17:00:00, 64201.79, 63759, 64096.47
2021-11-12 18:00:00, 64362.89, 63861.11, 63948.48
2021-11-12 19:00:00, 64442.81, 64153.75, 64156.3
2021-11-12 20:00:00, 64424.68, 63869.01, 64364.2
2021-11-12 21:00:00, 64026.46, 63621.98, 63884.25
2021-11-12 22:00:00, 63879.75, 63642.31, 63724.46
2021-11-12 23:00:00, 63934.46, 63593.61, 63800.06
2021-11-13 00:00:00, 63841.68, 63543.06, 63712.8
2021-11-13 01:00:00, 63883.89, 63610.41, 63624.76
2021-11-13 02:00:00, 64099.58, 63737.39, 63872.43
2021-11-13 03:00:00, 64091.86, 63769.02, 64035.12
2021-11-13 04:00:00, 63886.69, 63406.98, 63825.01
2021-11-13 05:00:00, 63756.92, 63412.05, 63485
2021-11-13 06:00:00, 63812.37, 63536.88, 63741.7
2021-11-13 07:00:00, 63793.99, 63452.96, 63580.4
2021-11-13 08:00:00, 63759.14, 63510.89, 63547.54
2021-11-13 09:00:00, 64808.07, 63597.43, 63617.08
2021-11-13 10:00:00, 64785.21, 64546.08, 64727.93
2021-11-13 11:00:00, 64967.34, 64621.81, 64703.34
2021-11-13 12:00:00, 64699.07, 64541.59, 64633.93
2021-11-13 13:00:00, 64705.86, 63936.55, 64675.47
2021-11-13 14:00:00, 64203.7, 63871.8, 64151.99
2021-11-13 15:00:00, 64440.87, 63954.8, 63959.51
2021-11-13 16:00:00, 64395.08, 64132.25, 64376.08
2021-11-13 17:00:00, 64444.36, 64138.51, 64369.19
2021-11-13 18:00:00, 64559.59, 64260.73, 64285.21
2021-11-13 19:00:00, 65320.1, 64407.1, 64409.56
2021-11-13 20:00:00, 65078.05, 64650.53, 64997.08
2021-11-13 21:00:00, 64940.71, 64654.63, 64805.07
2021-11-13 22:00:00, 64850.13, 64570.28, 64664.11
2021-11-13 23:00:00, 65014.03, 64654.72, 64656.67
2021-11-14 00:00:00, 64963.83, 64510.02, 64772.23
2021-11-14 01:00:00, 65168.18, 64748.18, 64912.02
2021-11-14 02:00:00, 64886.72, 64567.53, 64827.85
2021-11-14 03:00:00, 64792.53, 64088.94, 64652.83
2021-11-14 04:00:00, 64406.88, 64140.41, 64325.22
2021-11-14 05:00:00, 64499.92, 64215.04, 64276.61
2021-11-14 06:00:00, 64499.72, 64236.77, 64422.23
2021-11-14 07:00:00, 64736.31, 64279.29, 64480.18
2021-11-14 08:00:00, 64795.82, 64545.2, 64619.57
2021-11-14 09:00:00, 64669.27, 64199.24, 64659.38
2021-11-14 10:00:00, 64378.16, 64034.96, 64378.01
2021-11-14 11:00:00, 64222.62, 63616.33, 64105.31
2021-11-14 12:00:00, 64242.56, 63652.29, 63736.55
2021-11-14 13:00:00, 64434.77, 63884.57, 64194.81
2021-11-14 14:00:00, 64204.74, 63902.05, 64037.9
2021-11-14 15:00:00, 64388.68, 64073.48, 64173.43
2021-11-14 16:00:00, 64486.26, 64076.86, 64233.52
2021-11-14 17:00:00, 64848.15, 64325.45, 64336.88
2021-11-14 18:00:00, 65509.06, 64377.58, 64532.25
2021-11-14 19:00:00, 66188.84, 65509.06, 65509.06
2021-11-14 20:00:00, 65948.32, 65551.89, 65887.13
2021-11-14 21:00:00, 65962.91, 65684.3, 65924.33
2021-11-14 22:00:00, 65894.84, 65634.6, 65715.44
2021-11-14 23:00:00, 65872.14, 65738.39, 65748.73
2021-11-15 00:00:00, 65913.73, 65717.92, 65794.49
2021-11-15 01:00:00, 65843.31, 65635.52, 65731.41
2021-11-15 02:00:00, 65751.88, 65538.96, 65684.39
2021-11-15 03:00:00, 65836.77, 65291.78, 65592.16
2021-11-15 04:00:00, 66335.42, 65697.82, 65749.87
2021-11-15 05:00:00, 66053.97, 65761.48, 65990.06
2021-11-15 06:00:00, 65962.86, 65653.52, 65949.52
2021-11-15 07:00:00, 65955.65, 65569.16, 65744.56
2021-11-15 08:00:00, 65778.97, 65385.25, 65705.79
2021-11-15 09:00:00, 65504.49, 64790.06, 65500.7
2021-11-15 10:00:00, 64885.38, 64275.67, 64868.56
2021-11-15 11:00:00, 64429.46, 63925.72, 64310.7
2021-11-15 12:00:00, 64436.62, 64023.56, 64233.86
2021-11-15 13:00:00, 64174.07, 63651.94, 64037.83
2021-11-15 14:00:00, 64295.48, 63664.69, 63814.63
2021-11-15 15:00:00, 64254.88, 63801.24, 64252.37
2021-11-15 16:00:00, 64007.77, 63499.09, 63909.49
2021-11-15 17:00:00, 64018.92, 63442.58, 63900.27
2021-11-15 18:00:00, 63978.63, 63502.24, 63969.3
2021-11-15 19:00:00, 63614.53, 62539.95, 63614.06
2021-11-15 20:00:00, 62604.34, 61436.66, 62577.77
2021-11-15 21:00:00, 62258.6, 61561.82, 62158.51
2021-11-15 22:00:00, 61829.59, 60536.08, 61620.55
2021-11-15 23:00:00, 61553.67, 60474.17, 60938.78
2021-11-16 00:00:00, 61474.44, 60864.47, 61268.42
2021-11-16 01:00:00, 61013.86, 60368.81, 60961.7
2021-11-16 02:00:00, 61071.21, 60491.15, 60878.24
2021-11-16 03:00:00, 61042.59, 60621.98, 60795.75
2021-11-16 04:00:00, 61268.92, 60206.48, 61021.68
2021-11-16 05:00:00, 60274.27, 58745.71, 60212.98
2021-11-16 06:00:00, 60642.64, 60108.61, 60204.47
2021-11-16 07:00:00, 60855.6, 60060.85, 60606.35
2021-11-16 08:00:00, 60772.46, 60065.89, 60069.86
2021-11-16 09:00:00, 61396.93, 60520.88, 60602.67
2021-11-16 10:00:00, 61112.42, 60653.45, 60951.49
2021-11-16 11:00:00, 60923.69, 60430.31, 60709.29
2021-11-16 12:00:00, 60825, 60306.02, 60687.24
2021-11-16 13:00:00, 60665.75, 60031.3, 60502.54
2021-11-16 14:00:00, 60629.07, 59809.82, 60031.3
2021-11-16 15:00:00, 60258.86, 59181.27, 60258.86
2021-11-16 16:00:00, 60936.36, 59681.53, 59753.08
2021-11-16 17:00:00, 61151.07, 60421, 60487.94
2021-11-16 18:00:00, 60689.77, 60094.86, 60615.03
2021-11-16 19:00:00, 60429.96, 59525.64, 60108.9
2021-11-16 20:00:00, 60261.01, 59311.8, 59757.59
2021-11-16 21:00:00, 59738.38, 59137.69, 59383.14
2021-11-16 22:00:00, 59753.37, 58620.31, 59403.16
2021-11-16 23:00:00, 59492.01, 58649.02, 59065.07
2021-11-17 00:00:00, 59834.42, 59293.3, 59413.97
2021-11-17 01:00:00, 59792.04, 59335.42, 59644.76
2021-11-17 02:00:00, 60141.43, 59375.69, 59621.96
2021-11-17 03:00:00, 60010.85, 59594.72, 59728.74
2021-11-17 04:00:00, 59610.91, 58847.22, 59610.73
2021-11-17 05:00:00, 60589.56, 58566.05, 58946.08
2021-11-17 06:00:00, 60837.09, 60349.91, 60524.41
2021-11-17 07:00:00, 60830.98, 60468.29, 60801.19
2021-11-17 08:00:00, 60621.54, 60167.59, 60502.8
2021-11-17 09:00:00, 60347.98, 59650.91, 60174.57
2021-11-17 10:00:00, 59764.03, 59406.22, 59661.15
2021-11-17 11:00:00, 60478.61, 59467.33, 59667.66
2021-11-17 12:00:00, 60472.04, 60046.62, 60428.24
2021-11-17 13:00:00, 60659.28, 60226.37, 60226.37
2021-11-17 14:00:00, 60693.7, 60136.94, 60500.78
2021-11-17 15:00:00, 60556.04, 60070.27, 60254.53
2021-11-17 16:00:00, 60450.1, 59804.56, 60443.41
2021-11-17 17:00:00, 60129.29, 59686.23, 60114.23
2021-11-17 18:00:00, 60473.43, 59806.63, 60006.88
2021-11-17 19:00:00, 60732.01, 60157.05, 60365.6
2021-11-17 20:00:00, 60964.37, 60120.94, 60524.16
2021-11-17 21:00:00, 60772.88, 60438.5, 60593.14
2021-11-17 22:00:00, 60694.5, 59896.15, 60681.21
2021-11-17 23:00:00, 60102.61, 59681.7, 59905
2021-11-18 00:00:00, 59928.17, 59605.95, 59713.37
2021-11-18 01:00:00, 60051.39, 59618.87, 59824.74
2021-11-18 02:00:00, 59898.56, 59545.64, 59843.15
2021-11-18 03:00:00, 59845.85, 59504.4, 59761.95
2021-11-18 04:00:00, 59752.17, 59043.28, 59673.57
2021-11-18 05:00:00, 59852.65, 59035.7, 59340.84
2021-11-18 06:00:00, 59989.81, 59199.18, 59817.73
2021-11-18 07:00:00, 59941.48, 59043.55, 59235.98
2021-11-18 08:00:00, 59776.96, 58805.61, 59141.69
2021-11-18 09:00:00, 59324.62, 58818.81, 59233.88
2021-11-18 10:00:00, 59269.76, 57793.65, 58920.3
2021-11-18 11:00:00, 58484.36, 57288.82, 58085.85
2021-11-18 12:00:00, 58106.4, 56711.57, 57323.69
2021-11-18 13:00:00, 58096.68, 57546.42, 57687.66
2021-11-18 14:00:00, 58338.06, 57790.86, 58033.91
2021-11-18 15:00:00, 58526.14, 57638.69, 57959.76
2021-11-18 16:00:00, 58273.39, 57447.38, 57998.83
2021-11-18 17:00:00, 57672.93, 56603.36, 57608.06
2021-11-18 18:00:00, 57005.46, 56535.61, 56646.34
2021-11-18 19:00:00, 57518.07, 56722.7, 56930.68
2021-11-18 20:00:00, 57532.24, 56662.61, 57507.79
2021-11-18 21:00:00, 56968.74, 55901.13, 56727.92
2021-11-18 22:00:00, 56242.88, 55655.03, 56071.99
2021-11-18 23:00:00, 56332.78, 55872.37, 55927.41
2021-11-19 00:00:00, 56540.33, 56075.4, 56287.22
2021-11-19 01:00:00, 56503.17, 56170.49, 56451.29
2021-11-19 02:00:00, 56462.24, 55918.01, 56324.01
2021-11-19 03:00:00, 57418.79, 56047.35, 56058.07
2021-11-19 04:00:00, 57509.58, 57011.63, 57077.39
2021-11-19 05:00:00, 57096.13, 56747.66, 57071.41
2021-11-19 06:00:00, 57222.77, 56558.32, 56940.82
2021-11-19 07:00:00, 57395.75, 56946.95, 57046.08
2021-11-19 08:00:00, 57757.49, 56779.17, 56946.95
2021-11-19 09:00:00, 58148.13, 57646.74, 57673.47
2021-11-19 10:00:00, 58229.57, 57714.43, 58054.2
2021-11-19 11:00:00, 58306.09, 57849.51, 57963.63
2021-11-19 12:00:00, 58403.92, 58024.74, 58237.07
2021-11-19 13:00:00, 58146.32, 57841.73, 58062.45
2021-11-19 14:00:00, 58159.74, 57780.85, 57945.8
2021-11-19 15:00:00, 58191.31, 57779.48, 58138.08
2021-11-19 16:00:00, 57983.65, 57608.14, 57869.25
2021-11-19 17:00:00, 58049.26, 57776.45, 57883.37
2021-11-19 18:00:00, 58186.53, 57807.77, 57886.13
2021-11-19 19:00:00, 58620.98, 58022.39, 58136.22
2021-11-19 20:00:00, 58928.59, 58261.69, 58304.35
2021-11-19 21:00:00, 59044.97, 58823.65, 58886.58
2021-11-19 22:00:00, 58908.46, 58527.95, 58876.82
2021-11-19 23:00:00, 58652.52, 58443.85, 58590.25
2021-11-20 00:00:00, 58639.95, 58347.62, 58578.31
2021-11-20 01:00:00, 58878.58, 58402.98, 58481.49
2021-11-20 02:00:00, 58754.91, 58436.82, 58706.82
2021-11-20 03:00:00, 58720.27, 58406.38, 58465.86
2021-11-20 04:00:00, 58720.1, 58453.44, 58556.52
2021-11-20 05:00:00, 58807.72, 58443.63, 58566.38
2021-11-20 06:00:00, 58728.26, 58483.09, 58553.54
2021-11-20 07:00:00, 58884.29, 58545.16, 58698.94
2021-11-20 08:00:00, 58747.93, 58457.32, 58633.2
2021-11-20 09:00:00, 58754.43, 58401.67, 58535.55
2021-11-20 10:00:00, 58478.42, 57588.52, 58433.9
2021-11-20 11:00:00, 57985.04, 57450.63, 57692.5
2021-11-20 12:00:00, 57996.7, 57692.3, 57861.39
2021-11-20 13:00:00, 59689.41, 57912.83, 57986.11
2021-11-20 14:00:00, 59571.72, 59299.67, 59496.66
2021-11-20 15:00:00, 59593.01, 59387.44, 59501.37
2021-11-20 16:00:00, 59702.67, 59420.23, 59486.26
2021-11-20 17:00:00, 59780.4, 59593.75, 59666.33
2021-11-20 18:00:00, 59901.9, 59582.92, 59764.96
2021-11-20 19:00:00, 59824.18, 59384.49, 59769.66
2021-11-20 20:00:00, 59499.26, 59325.33, 59421.57
2021-11-20 21:00:00, 59411.37, 58798.01, 59396.15
2021-11-20 22:00:00, 59248.36, 58635.46, 59135.06
2021-11-20 23:00:00, 59008.12, 58663.14, 58743.71
2021-11-21 00:00:00, 59077.09, 58641.73, 58675.55
2021-11-21 01:00:00, 59278.93, 58934.03, 59077.09
2021-11-21 02:00:00, 59271.79, 59052.21, 59261.64
2021-11-21 03:00:00, 59158.87, 58740.29, 59058.73
2021-11-21 04:00:00, 59013.87, 58773.95, 58806.57
2021-11-21 05:00:00, 59035.63, 58575.6, 58968.68
2021-11-21 06:00:00, 59392.88, 58652.57, 58883.81
2021-11-21 07:00:00, 59353.5, 58749.7, 58774.03
2021-11-21 08:00:00, 59146.33, 58897.06, 59138.59
2021-11-21 09:00:00, 59112.2, 58793.18, 58913.04
2021-11-21 10:00:00, 59335.96, 58887.92, 58985.19
2021-11-21 11:00:00, 59980.95, 59221.39, 59298.97
2021-11-21 12:00:00, 60058.65, 59508.27, 59936.78
2021-11-21 13:00:00, 59606.02, 59369.33, 59535.87
2021-11-21 14:00:00, 59629.67, 59298.19, 59528.36
2021-11-21 15:00:00, 59759.43, 59356.27, 59390.62
2021-11-21 16:00:00, 59734.07, 59464.34, 59692.82
2021-11-21 17:00:00, 59585.79, 59005.59, 59554.18
2021-11-21 18:00:00, 59329.99, 58613.31, 59180.32
2021-11-21 19:00:00, 58806.35, 58069.08, 58700.83
2021-11-21 20:00:00, 58311.32, 57765.55, 58207.52
2021-11-21 21:00:00, 58177.42, 57410.41, 58117.78
2021-11-21 22:00:00, 57853.19, 57191.89, 57764.63
2021-11-21 23:00:00, 57586.74, 57124.21, 57448.54
2021-11-22 00:00:00, 57505.49, 56872.06, 57139.18
2021-11-22 01:00:00, 57535.29, 57133.49, 57503.87
2021-11-22 02:00:00, 57807.72, 57335.94, 57377.79
2021-11-22 03:00:00, 57631.96, 57323.89, 57335.94
2021-11-22 04:00:00, 57886.5, 57213.91, 57437.59
2021-11-22 05:00:00, 57451.6, 57059.94, 57216.61
2021-11-22 06:00:00, 57582.67, 57232.27, 57418.68
2021-11-22 07:00:00, 58071.24, 57133.54, 57246.7
2021-11-22 08:00:00, 59391.98, 56669.05, 57243.04
2021-11-22 09:00:00, 59061.24, 58234.13, 58934.68
2021-11-22 10:00:00, 58486.29, 58012.19, 58306.81
2021-11-22 11:00:00, 58281.96, 57683.55, 58231.91
2021-11-22 12:00:00, 57799.86, 57347.13, 57763.39
2021-11-22 13:00:00, 57473.86, 56476.82, 57459.42
2021-11-22 14:00:00, 57120.4, 55866.07, 56515.29
2021-11-22 15:00:00, 56389.88, 55755.33, 56020.59
2021-11-22 16:00:00, 56457.21, 55673.01, 55912.23
2021-11-22 17:00:00, 56750.31, 56138.4, 56294.06
2021-11-22 18:00:00, 56746.15, 56274.94, 56745.13
2021-11-22 19:00:00, 56849.42, 56031.15, 56303.06
2021-11-22 20:00:00, 56957.87, 56508.29, 56626.43
2021-11-22 21:00:00, 56979.8, 56677.79, 56889.22
2021-11-22 22:00:00, 57261.92, 56836.42, 56942.16
2021-11-22 23:00:00, 57047.82, 56812.85, 56969.71
2021-11-23 00:00:00, 56867.49, 56396.92, 56824.93
2021-11-23 01:00:00, 56649.51, 56214.78, 56560.61
2021-11-23 02:00:00, 56405.94, 55876.59, 56394.62
2021-11-23 03:00:00, 56400.42, 55757.65, 56036.42
2021-11-23 04:00:00, 57333.33, 55485.59, 56260.71
2021-11-23 05:00:00, 57709.66, 56321.22, 56644.35
2021-11-23 06:00:00, 56561.26, 55954.2, 56371.49
2021-11-23 07:00:00, 56452.16, 56110.29, 56130.63
2021-11-23 08:00:00, 56927.67, 56304.36, 56307.74
2021-11-23 09:00:00, 57699.57, 56644.71, 56787.24
2021-11-23 10:00:00, 57737.02, 56872.13, 57698.64
2021-11-23 11:00:00, 57584.91, 56897.01, 56898.96
2021-11-23 12:00:00, 57678.1, 57259.6, 57468.98
2021-11-23 13:00:00, 57578.3, 57151.78, 57271.2
2021-11-23 14:00:00, 57842.54, 57246.91, 57443.77
2021-11-23 15:00:00, 57873.48, 57414.4, 57797.37
2021-11-23 16:00:00, 57873.77, 57559.79, 57866.86
2021-11-23 17:00:00, 57743.16, 57479.62, 57706.05
2021-11-23 18:00:00, 57759.09, 57498.3, 57587.76
2021-11-23 19:00:00, 57740.34, 57520.29, 57566.6
2021-11-23 20:00:00, 57591.12, 57042.48, 57544.24
2021-11-23 21:00:00, 57126.94, 56172.37, 57057.76
2021-11-23 22:00:00, 56484.02, 56247.72, 56249.72
2021-11-23 23:00:00, 56769.22, 56379, 56422.64
2021-11-24 00:00:00, 56805, 56511.23, 56582.61
2021-11-24 01:00:00, 56739.03, 56265.97, 56627.63
2021-11-24 02:00:00, 56718.54, 56426.71, 56623.24
2021-11-24 03:00:00, 57392.15, 56424.47, 56527.49
2021-11-24 04:00:00, 57009.67, 56676.01, 56893.71
2021-11-24 05:00:00, 56880.34, 56441.58, 56701.22
2021-11-24 06:00:00, 56772.11, 56361.39, 56449.86
2021-11-24 07:00:00, 56729.65, 56429.61, 56647.96
2021-11-24 08:00:00, 56868.25, 56049.37, 56458.86
2021-11-24 09:00:00, 56342.87, 55899.88, 56059.51
2021-11-24 10:00:00, 57164.48, 56105.18, 56151.17
2021-11-24 11:00:00, 56876.51, 56597.52, 56773.75
2021-11-24 12:00:00, 56785.67, 56508.12, 56632.02
2021-11-24 13:00:00, 57125.1, 56537.1, 56554.62
2021-11-24 14:00:00, 56905.63, 56607.5, 56816.94
2021-11-24 15:00:00, 57449.21, 56759.41, 56867.31
2021-11-24 16:00:00, 57492.32, 57233.91, 57436.36
2021-11-24 17:00:00, 57428.01, 56893.33, 57328.44
2021-11-24 18:00:00, 57245.43, 56999.7, 57015.67
2021-11-24 19:00:00, 58273.7, 57141.88, 57175.09
2021-11-24 20:00:00, 58277.71, 57754.11, 58040.3
2021-11-24 21:00:00, 57869.1, 57540.12, 57770.98
2021-11-24 22:00:00, 57816.54, 57608.9, 57743.47
2021-11-24 23:00:00, 57825.85, 57210.3, 57767.99
2021-11-25 00:00:00, 57316.42, 57056.64, 57275.86
2021-11-25 01:00:00, 57381.09, 57118.47, 57147.49
2021-11-25 02:00:00, 57746.07, 57294.94, 57295.08
2021-11-25 03:00:00, 57955.52, 57619.12, 57692.48
2021-11-25 04:00:00, 57828.9, 57393.14, 57622.68
2021-11-25 05:00:00, 58475.25, 57772.15, 57799.44
2021-11-25 06:00:00, 58110.86, 57894.12, 58023.53
2021-11-25 07:00:00, 58743.43, 57961.5, 58037.52
2021-11-25 08:00:00, 58879.22, 58472.77, 58692.99
2021-11-25 09:00:00, 58810.3, 58521.49, 58594.4
2021-11-25 10:00:00, 59168.72, 58642.12, 58757.14
2021-11-25 11:00:00, 59437.04, 58909.23, 59100.33
2021-11-25 12:00:00, 59289.73, 59033.32, 59043.19
2021-11-25 13:00:00, 59277.56, 59070.2, 59209.31
2021-11-25 14:00:00, 59295.48, 58753.29, 59148.68
2021-11-25 15:00:00, 59132.48, 58858.84, 58906.37
2021-11-25 16:00:00, 59081.89, 58767.28, 58905.57
2021-11-25 17:00:00, 58942.76, 58586.63, 58864.1
2021-11-25 18:00:00, 59357.07, 58851.74, 58938.05
2021-11-25 19:00:00, 59201.95, 58710.01, 58966.99
2021-11-25 20:00:00, 58935.56, 58642.35, 58771.55
2021-11-25 21:00:00, 58678.9, 58212.18, 58654.49
2021-11-25 22:00:00, 58244.41, 57914.73, 58238.71
2021-11-25 23:00:00, 58043.35, 57720.25, 57955.09
2021-11-26 00:00:00, 57885.82, 57519.36, 57836.4
2021-11-26 01:00:00, 57951.96, 57497.14, 57871.27
2021-11-26 02:00:00, 57676.09, 56678.32, 57617.41
2021-11-26 03:00:00, 56996.12, 54433.53, 56991.87
2021-11-26 04:00:00, 55486.56, 54663, 55224.96
2021-11-26 05:00:00, 54917.87, 54378.18, 54897.98
2021-11-26 06:00:00, 54829.25, 53746.79, 54426.85
2021-11-26 07:00:00, 54387.38, 53578.36, 53753.03
2021-11-26 08:00:00, 54657.81, 54014.81, 54312.61
2021-11-26 09:00:00, 54898.82, 54338.3, 54614.8
2021-11-26 10:00:00, 54705.08, 54276.68, 54705.08
2021-11-26 11:00:00, 54588, 54072.99, 54384.61
2021-11-26 12:00:00, 54682.66, 54214.73, 54327.44
2021-11-26 13:00:00, 54375.55, 53988.84, 54268.04
2021-11-26 14:00:00, 54478.7, 54027.64, 54113.71
2021-11-26 15:00:00, 54609.35, 54261.56, 54390.34
2021-11-26 16:00:00, 54596.01, 54025.38, 54557.18
2021-11-26 17:00:00, 54393.74, 53880.72, 54025.38
2021-11-26 18:00:00, 54228.91, 53575.54, 54097.88
2021-11-26 19:00:00, 54659.14, 53668.95, 53788.22
2021-11-26 20:00:00, 54362.82, 53958.33, 54131.74
2021-11-26 21:00:00, 54558.44, 54175.02, 54205.97
2021-11-26 22:00:00, 54654.58, 54328.04, 54436.38
2021-11-26 23:00:00, 54634.94, 54319.72, 54395.91
2021-11-27 00:00:00, 54582.43, 54307.63, 54528.92
2021-11-27 01:00:00, 54515.64, 54257.02, 54307.63
2021-11-27 02:00:00, 54481.56, 54272.1, 54281.3
2021-11-27 03:00:00, 55316.65, 54437.42, 54441.15
2021-11-27 04:00:00, 55195.77, 54630.51, 55106.41
2021-11-27 05:00:00, 54929.63, 54346.55, 54634.97
2021-11-27 06:00:00, 54998.58, 54577.71, 54772.51
2021-11-27 07:00:00, 54861.37, 54552.79, 54652.16
2021-11-27 08:00:00, 55241.53, 54707.54, 54761.97
2021-11-27 09:00:00, 55260.71, 54748.08, 55047.99
2021-11-27 10:00:00, 55041.44, 54661.05, 54763.97
2021-11-27 11:00:00, 55251.05, 54873.12, 54949.17
2021-11-27 12:00:00, 55156.19, 54886.93, 54959.38
2021-11-27 13:00:00, 55084.73, 54721.75, 54949.94
2021-11-27 14:00:00, 55044.21, 54896.76, 55023.28
2021-11-27 15:00:00, 55101.59, 54191.65, 54989.02
2021-11-27 16:00:00, 54703.96, 54062.42, 54316.98
2021-11-27 17:00:00, 54993.38, 54568.46, 54595.78
2021-11-27 18:00:00, 54929.71, 54411.39, 54887.06
2021-11-27 19:00:00, 54852.86, 54319.54, 54805.03
2021-11-27 20:00:00, 54772.53, 54174.83, 54738.16
2021-11-27 21:00:00, 54407.09, 53767.95, 54270.59
2021-11-27 22:00:00, 54473.78, 54085.42, 54391.21
2021-11-27 23:00:00, 54241.73, 53993.72, 54165.31
2021-11-28 00:00:00, 54423.8, 54033.73, 54084.16
