2021-10-12 10,12340501833033,6338
2021-10-12 11,18024577008754,16382
2021-10-12 12,13214181936451,6255
2021-10-12 13,21897306847546,13567
2021-10-12 14,31154256927474,12546
2021-10-12 15,14541505876094,17945
2021-10-12 16,15672722889104,15731
2021-10-12 17,18402851751025,8642
2021-10-12 18,18660481338487,11403
2021-10-12 19,12591096532425,9307
2021-10-12 20,5275302931371,14163
2021-10-12 21,15816186367717,16633
2021-10-12 22,14533155657719,8572
2021-10-12 23,12097274441238,7914
2021-10-13 00,12157178449392,7643
2021-10-13 01,16826986581865,6265
2021-10-13 02,7365407897692,8782
2021-10-13 03,9320745689017,7363
2021-10-13 04,20467413488936,5845
2021-10-13 05,11229364612102,11288
2021-10-13 06,21161867093385,14419
2021-10-13 07,12482263421868,8119
2021-10-13 08,8320066377454,12906
2021-10-13 09,18142134844241,15863
2021-10-13 10,11560810193065,12594
2021-10-13 11,17876053020111,17608
2021-10-13 12,8267581646291,16151
2021-10-13 13,10136218208515,14066
2021-10-13 14,7088676528326,15143
2021-10-13 15,9896545866926,10303
2021-10-13 16,20837135031170,22199
2021-10-13 17,12917180701200,13798
2021-10-13 18,19626821870584,12726
2021-10-13 19,9678678303530,10118
2021-10-13 20,17842596448972,12598
2021-10-13 21,21864186038150,10360
2021-10-13 22,8210373312377,8955
2021-10-13 23,3299655375605,4629
2021-10-14 00,16014690944361,8860
2021-10-14 01,3520323009560,8095
2021-10-14 02,14765353865646,8984
2021-10-14 03,1541629137247,5772
2021-10-14 04,20442558260821,16662
2021-10-14 05,5242541695872,6525
2021-10-14 06,6147224454090,16683
2021-10-14 07,7627279472246,7810
2021-10-14 08,14405124819731,17451
2021-10-14 09,9316897587338,13113
2021-10-14 10,19078261688762,16317
2021-10-14 11,14472961923165,9263
2021-10-14 12,11852047607845,17745
2021-10-14 13,11891792907014,6625
2021-10-14 14,14844524231663,16944
2021-10-14 15,9224244936058,8689
2021-10-14 16,7373003653294,7606
2021-10-14 17,21635610064583,16163
2021-10-14 18,11041602411016,18933
2021-10-14 19,5472982142690,13948
2021-10-14 20,14821797854018,16251
2021-10-14 21,12824737861487,9331
2021-10-14 22,13485307764504,11168
2021-10-14 23,5231364429396,8957
2021-10-15 00,9287806678503,3882
2021-10-15 01,17522767259886,13219
2021-10-15 02,14678507556414,8425
2021-10-15 03,10337730037764,7705
2021-10-15 04,10641837742331,15904
2021-10-15 05,16677682374001,13019
2021-10-15 06,9297725089467,9252
2021-10-15 07,24424383287138,16892
2021-10-15 08,10808582965029,10375
2021-10-15 09,20125886262499,15657
2021-10-15 10,25595828466231,15089
2021-10-15 11,16039463408086,13111
2021-10-15 12,27951630931369,15859
2021-10-15 13,22579157931459,15598
2021-10-15 14,18634293313470,12829
2021-10-15 15,13832789697899,8052
2021-10-15 16,23063925726584,23026
2021-10-15 17,17873069798415,9639
2021-10-15 18,17321873836286,21171
2021-10-15 19,14406012162130,9338
2021-10-15 20,12277000320806,10248
2021-10-15 21,13358280543918,15577
2021-10-15 22,9592742313653,12035
2021-10-15 23,6752681737777,12417
2021-10-16 00,10240944608346,8677
2021-10-16 01,12667860074757,13056
2021-10-16 02,11725234961656,10081
2021-10-16 03,8476129936138,10006
2021-10-16 04,22280006966601,12528
2021-10-16 05,15590418958990,10513
2021-10-16 06,4093098232026,11078
2021-10-16 07,3283196018513,4996
2021-10-16 08,4654161146415,15767
2021-10-16 09,4383879808827,5834
2021-10-16 10,14108864490484,18389
2021-10-16 11,15875836544456,9062
2021-10-16 12,26004092882810,14397
2021-10-16 13,20230080066048,14698
2021-10-16 14,10699021074904,13715
2021-10-16 15,14467331879727,10567
2021-10-16 16,15249566332019,8670
2021-10-16 17,16569176399764,10607
2021-10-16 18,9437398317591,13359
2021-10-16 19,20888519963199,9719
2021-10-16 20,3365852027415,4304
2021-10-16 21,7796544823913,9242
2021-10-16 22,13637010336833,8222
2021-10-16 23,582429795411,1823
2021-10-17 00,8233757111501,8905
2021-10-17 01,7171738725115,4736
2021-10-17 02,3225050067572,3961
2021-10-17 03,15220889924640,11721
2021-10-17 04,11677202998511,8002
2021-10-17 05,6818221483525,9375
2021-10-17 06,8967408196759,7617
2021-10-17 07,14047413018690,10337
2021-10-17 08,6739575296402,8633
2021-10-17 09,12903992493631,9122
2021-10-17 10,17242439558020,11080
2021-10-17 11,17623149921727,11638
2021-10-17 12,12024307675490,11625
2021-10-17 13,8577033104093,6126
2021-10-17 14,46359141396171,16761
2021-10-17 15,20682698955308,5199
2021-10-17 16,29102760943865,14784
2021-10-17 17,3340757603710,3966
2021-10-17 18,22071842222273,16257
2021-10-17 19,16521142111713,9312
2021-10-17 20,13417315799536,7439
2021-10-17 21,11882333825398,8026
2021-10-17 22,12233984382194,8322
2021-10-17 23,30897425350838,7991
2021-10-18 00,11659765565093,7002
2021-10-18 01,14137530887046,8475
2021-10-18 02,7108923371926,6172
2021-10-18 03,14374829818278,11521
2021-10-18 04,6584351478868,6180
2021-10-18 05,21906778771715,15641
2021-10-18 06,16974158676389,13968
2021-10-18 07,16170794060144,9834
2021-10-18 08,19297788470993,13448
2021-10-18 09,21445137802234,15573
2021-10-18 10,18641789030735,13832
2021-10-18 11,19810188969302,9606
2021-10-18 12,33958159105782,15747
2021-10-18 13,21531921036907,19713
2021-10-18 14,16779670307520,17790
2021-10-18 15,7898327656543,8918
2021-10-18 16,14908295145903,19365
2021-10-18 17,14424658688543,15829
2021-10-18 18,14616925933959,8228
2021-10-18 19,19624406161673,10272
2021-10-18 20,16066288654144,13915
2021-10-18 21,96202628597951,7353
2021-10-18 22,159332384141401,14672
2021-10-18 23,120411458389131,7989
2021-10-19 00,36195978056769,6828
2021-10-19 01,30994936401565,7691
2021-10-19 02,84135732058205,10386
2021-10-19 03,65407949531406,10254
2021-10-19 04,23347314421502,6688
2021-10-19 05,18719790467861,9732
2021-10-19 06,52921037410659,19026
2021-10-19 07,17444328667766,11605
2021-10-19 08,45669686941883,11943
2021-10-19 09,49569118797139,16471
2021-10-19 10,6778274115996,10958
2021-10-19 11,39928199992275,13028
2021-10-19 12,54850113819014,25510
2021-10-19 13,36443146876436,15356
2021-10-19 14,28440649464824,18166
2021-10-19 15,18529379812127,17080
2021-10-19 16,27031092441744,13620
2021-10-19 17,34366965459544,15957
2021-10-19 18,15065201699308,17275
2021-10-19 19,17332226597558,10752
2021-10-19 20,33662558473878,13678
2021-10-19 21,13308509588364,8053
2021-10-19 22,16440836054642,10243
2021-10-19 23,40578746496121,9413
2021-10-20 00,13870780068836,7969
2021-10-20 01,20914278196395,7327
2021-10-20 02,11747563097810,9516
2021-10-20 03,12302180015938,8310
2021-10-20 04,19638577113727,11535
2021-10-20 05,8535247088901,5617
2021-10-20 06,30931457343630,13332
2021-10-20 07,11784675608779,14275
2021-10-20 08,27433867039556,16476
2021-10-20 09,15018263620970,5722
2021-10-20 10,11887004886592,10810
2021-10-20 11,31813271887032,14800
2021-10-20 12,14975995153171,13914
2021-10-20 13,42512525093397,22709
2021-10-20 14,16210062809941,18864
2021-10-20 15,17673538601454,16951
2021-10-20 16,10498908353299,6240
2021-10-20 17,34763362035726,20124
2021-10-20 18,14212854860567,9848
2021-10-20 19,29534187458083,18972
2021-10-20 20,24178814350864,10793
2021-10-20 21,17678281470562,8293
2021-10-20 22,15739929816501,16560
2021-10-20 23,20607110962350,7802
2021-10-21 00,18445815169556,11198
2021-10-21 01,16494454442115,16610
2021-10-21 02,14274952984575,8952
2021-10-21 03,8317919103228,11087
2021-10-21 04,8336977289261,12044
2021-10-21 05,16309431540693,13073
2021-10-21 06,19047616170234,13296
2021-10-21 07,18927689038649,12962
2021-10-21 08,14057945004059,13618
2021-10-21 09,20614144859273,12733
2021-10-21 10,14180286732301,10344
2021-10-21 11,19272338282173,13879
2021-10-21 12,43465433926170,24377
2021-10-21 13,14044953334159,11836
2021-10-21 14,26449139479917,12582
2021-10-21 15,20993891266555,22720
2021-10-21 16,15245301046520,17718
2021-10-21 17,10345037880295,8453
2021-10-21 18,14721663173659,11417
2021-10-21 19,14557838628094,9524
2021-10-21 20,33914858831373,19665
2021-10-21 21,5435738126360,7128
2021-10-21 22,31816834227451,11441
2021-10-21 23,11164544757281,6125
2021-10-22 00,16933337764532,9077
2021-10-22 01,6801561307535,6392
2021-10-22 02,5230855652531,6392
2021-10-22 03,10235825221666,11771
2021-10-22 04,5847001185710,10984
2021-10-22 05,4112959609132,6043
2021-10-22 06,15784528830648,15214
2021-10-22 07,13742926118868,12974
2021-10-22 08,23100411463573,12089
2021-10-22 09,16723600334891,12261
2021-10-22 10,13509846926728,11783
2021-10-22 11,19532865400993,17730
2021-10-22 12,23199077061840,22035
2021-10-22 13,6875961989164,7335
2021-10-22 14,24993692622531,20403
2021-10-22 15,16403160197536,15279
2021-10-22 16,20409320275704,18320
2021-10-22 17,20668179030795,14258
2021-10-22 18,13892572961304,12776
2021-10-22 19,13848561639996,5578
2021-10-22 20,12336103763984,14162
2021-10-22 21,21357245927521,7872
2021-10-22 22,8693636021850,7244
2021-10-22 23,13868218513576,7870
2021-10-23 00,15983386589647,6615
2021-10-23 01,2086237307918,6493
2021-10-23 02,13228797085049,6045
2021-10-23 03,4154431081604,6823
2021-10-23 04,8969736853392,7027
2021-10-23 05,9304336102499,12203
2021-10-23 06,8651873616623,10277
2021-10-23 07,8798341454199,6980
2021-10-23 08,17116002355963,12096
2021-10-23 09,4726490218131,8451
2021-10-23 10,12964814413043,11712
2021-10-23 11,11573649889304,11783
2021-10-23 12,5063606499684,9099
2021-10-23 13,34500753389724,15862
2021-10-23 14,11615238101951,12708
2021-10-23 15,4561946289260,9586
2021-10-23 16,5534205106201,3015
2021-10-23 17,19524433707305,15715
2021-10-23 18,6317624670598,11091
2021-10-23 19,11301574581911,9591
2021-10-23 20,8753699301858,7783
2021-10-23 21,4210894496977,5849
2021-10-23 22,6617352951144,8604
2021-10-23 23,1392712916045,4507
2021-10-24 00,9527363147053,7688
2021-10-24 01,15932313587640,5271
2021-10-24 02,15680791659227,2850
2021-10-24 03,32818784343972,9768
2021-10-24 04,1998996544691,8060
2021-10-24 05,4339833709750,8118
2021-10-24 06,6674968986346,9545
2021-10-24 07,4543892661944,8170
2021-10-24 08,8580879756800,5372
2021-10-24 09,12726640492536,13619
2021-10-24 10,5828196507972,4178
2021-10-24 11,21763897750203,17171
2021-10-24 12,18221073477860,11511
2021-10-24 13,12384298659849,8911
2021-10-24 14,14726302634477,14688
2021-10-24 15,6623119101494,5400
2021-10-24 16,12943158327923,9875
2021-10-24 17,21541768609882,16905
2021-10-24 18,15787498095497,9151
2021-10-24 19,9224288204942,9787
2021-10-24 20,13432961634107,6222
2021-10-24 21,11660083387300,8692
2021-10-24 22,13849871381471,7325
2021-10-24 23,6726475945444,5755
2021-10-25 00,6912526700084,8039
2021-10-25 01,6735341944242,6943
2021-10-25 02,5220630598131,5616
2021-10-25 03,15027610333305,10770
2021-10-25 04,9389770626039,8672
2021-10-25 05,17462376470930,13310
2021-10-25 06,8032560564352,12210
2021-10-25 07,10985283899733,13355
2021-10-25 08,15028859313815,11273
2021-10-25 09,13979040606104,12102
2021-10-25 10,30161820029819,11362
2021-10-25 11,25130955343201,20941
2021-10-25 12,18671604584444,17163
2021-10-25 13,11318748457555,11397
2021-10-25 14,21022569606675,18935
2021-10-25 15,14703014844426,18075
2021-10-25 16,10416829479144,10479
2021-10-25 17,16664260794778,21179
2021-10-25 18,17673626867737,13304
2021-10-25 19,16690837130371,11438
2021-10-25 20,1491648501134,6345
2021-10-25 21,36356654489348,14053
2021-10-25 22,6705998149524,7083
2021-10-25 23,19696262092730,10895
2021-10-26 00,13252688215263,6112
2021-10-26 01,9967493688661,8269
2021-10-26 02,18808668333461,6304
2021-10-26 03,13263344348444,12124
2021-10-26 04,12518012401665,11207
2021-10-26 05,3346452473666,11442
2021-10-26 06,11787709826301,11897
2021-10-26 07,21101870778429,4801
2021-10-26 08,9858142597707,18863
2021-10-26 09,13623960316102,16801
2021-10-26 10,17869767956939,12251
2021-10-26 11,6505761406355,8760
2021-10-26 12,27656897486119,15890
2021-10-26 13,8655765075170,10259
2021-10-26 14,23937051580848,17630
2021-10-26 15,11105700521594,17560
2021-10-26 16,8405981001636,19406
2021-10-26 17,15447742294556,16139
2021-10-26 18,8575139384416,13773
2021-10-26 19,6996858028466,5341
2021-10-26 20,25922259892421,17169
2021-10-26 21,5803870228084,6754
2021-10-26 22,20104355253394,10980
2021-10-26 23,10932616556400,3739
2021-10-27 00,17493238024299,10516
2021-10-27 01,14270527862067,7587
2021-10-27 02,5002797846632,1823
2021-10-27 03,9108428205017,10465
2021-10-27 04,12339756816646,14001
2021-10-27 05,11107551495859,13311
2021-10-27 06,13657460294591,13192
2021-10-27 07,12670331891202,14622
2021-10-27 08,8481726841105,5868
2021-10-27 09,9153655967859,14757
2021-10-27 10,13833342954805,15947
2021-10-27 11,10070775220464,14159
2021-10-27 12,16453930719756,17352
2021-10-27 13,37404794212552,17575
2021-10-27 14,8590186221454,19362
2021-10-27 15,7688998694792,14417
2021-10-27 16,11878535716826,17317
2021-10-27 17,6548870351813,11196
2021-10-27 18,11878102843142,14871
2021-10-27 19,13496258838874,9763
2021-10-27 20,4073612763844,12540
2021-10-27 21,12079933448098,10858
2021-10-27 22,11755939582798,7265
2021-10-27 23,7428991356582,8354
2021-10-28 00,13939908770922,6303
2021-10-28 01,5363200092409,7572
2021-10-28 02,7558825386653,7862
2021-10-28 03,5886289663617,8513
2021-10-28 04,7646891790970,13007
2021-10-28 05,7877155179892,11688
2021-10-28 06,15162566008047,9559
2021-10-28 07,11116390955196,15549
2021-10-28 08,20477832798912,12616
2021-10-28 09,11054727535774,14819
2021-10-28 10,16110636074153,13536
2021-10-28 11,13149155563548,17522
2021-10-28 12,12003687626859,15874
2021-10-28 13,15694466915166,18390
2021-10-28 14,10620485175062,5051
2021-10-28 15,30917715387476,20032
2021-10-28 16,17653622818653,21776
2021-10-28 17,9498381270290,9934
2021-10-28 18,10907172408765,14603
2021-10-28 19,11245638534001,18072
2021-10-28 20,10686677220349,6803
2021-10-28 21,9942719004167,9247
2021-10-28 22,19918776259205,12856
2021-10-28 23,15161192857311,8352
2021-10-29 00,14679300483625,7610
2021-10-29 01,9575445729668,8498
2021-10-29 02,9552382526749,8253
2021-10-29 03,7826459818903,9393
2021-10-29 04,7840748590090,10954
2021-10-29 05,8555238450113,9612
2021-10-29 06,8441793311221,13484
2021-10-29 07,9774671917582,11388
2021-10-29 08,1017075395934,2924
2021-10-29 09,20200596782334,14943
2021-10-29 10,15511612436793,8171
2021-10-29 11,18432674289088,21899
2021-10-29 12,17262339393477,20286
2021-10-29 13,15708365018486,21465
2021-10-29 14,26051819561196,21218
2021-10-29 15,8975955483531,16903
2021-10-29 16,9622466423414,18054
2021-10-29 17,12751838859312,10777
2021-10-29 18,17951491431956,17411
2021-10-29 19,11112806364412,9492
2021-10-29 20,14272370976260,12543
2021-10-29 21,11219143196081,11516
2021-10-29 22,6021930884899,7990
2021-10-29 23,14370019499319,6809
2021-10-30 00,7055797436602,10024
2021-10-30 01,6274208752853,6571
2021-10-30 02,18728843466427,8466
2021-10-30 03,15675999625292,8193
2021-10-30 04,7394700760035,11454
2021-10-30 05,7625726992241,10084
2021-10-30 06,22902891916406,10661
2021-10-30 07,7432663150801,8266
2021-10-30 08,18365982811182,12420
2021-10-30 09,23700704139963,12098
2021-10-30 10,14751493259475,14103
2021-10-30 11,11783632594461,7776
2021-10-30 12,21270111860856,16563
2021-10-30 13,11470806710162,9588
2021-10-30 14,17691739330082,5494
2021-10-30 15,25220230653636,22157
2021-10-30 16,7867667312787,8295
2021-10-30 17,10815471536740,12318
2021-10-30 18,11589585864119,13427
2021-10-30 19,8755949993275,11290
2021-10-30 20,10671126989595,6498
2021-10-30 21,4634216764007,9794
2021-10-30 22,20060741194593,6045
2021-10-30 23,13753293133529,7916
2021-10-31 00,5501074062538,2506
2021-10-31 01,21963316005044,9568
2021-10-31 02,10957186064064,7125
2021-10-31 03,4383264561650,7003
2021-10-31 04,8378463899787,4723
2021-10-31 05,11647056719298,9719
2021-10-31 06,16881539611126,10166
2021-10-31 07,7255969052567,11577
2021-10-31 08,8594150125079,8105
2021-10-31 09,7144878360932,3226
2021-10-31 10,6273415967067,14969
2021-10-31 11,17218876744908,13790
2021-10-31 12,18154857441566,11258
2021-10-31 13,7168204564675,10572
2021-10-31 14,8482959735043,14626
2021-10-31 15,13868403204043,11739
2021-10-31 16,15498430478703,11501
2021-10-31 17,6648483124124,10838
2021-10-31 18,10078800179558,4861
2021-10-31 19,20716006466043,13846
2021-10-31 20,326853708385,1962
2021-10-31 21,15113176705332,9239
2021-10-31 22,19381901656378,5991
2021-10-31 23,8085866847924,12059
2021-11-01 00,8865239175111,8479
2021-11-01 01,4430096898164,7445
2021-11-01 02,8694660407428,5704
2021-11-01 03,9685217063958,9198
2021-11-01 04,2153823677285,7229
2021-11-01 05,17565826603939,9890
2021-11-01 06,15234621164897,17258
2021-11-01 07,7964689599632,8147
2021-11-01 08,7449075997581,13039
2021-11-01 09,5056028810841,13992
2021-11-01 10,18208865741976,16926
2021-11-01 11,8834405411609,10466
2021-11-01 12,14106538897771,17431
2021-11-01 13,34267063859677,20115
2021-11-01 14,11336206096164,15622
2021-11-01 15,23465597850190,15274
2021-11-01 16,18826864104751,5145
2021-11-01 17,12974835548875,14094
2021-11-01 18,21539012509978,16622
2021-11-01 19,14290795086403,12103
2021-11-01 20,17060733755513,21814
2021-11-01 21,16144875823563,8529
2021-11-01 22,5264262356033,10513
2021-11-01 23,12991624254178,5004
2021-11-02 00,7940881491744,9242
2021-11-02 01,4152351316199,4298
2021-11-02 02,8398265827106,9148
2021-11-02 03,14028193945654,9449
2021-11-02 04,9804582445095,11040
2021-11-02 05,14349893248387,12818
2021-11-02 06,9189173020210,11335
2021-11-02 07,4614070958846,9181
2021-11-02 08,14122723364494,17988
2021-11-02 09,14381909502586,14379
2021-11-02 10,18208720914747,10885
2021-11-02 11,23372798472466,10616
2021-11-02 12,21184470374022,12198
2021-11-02 13,20552542325746,23430
2021-11-02 14,13327084368640,9074
2021-11-02 15,18828426959432,20400
2021-11-02 16,25368311241939,16058
2021-11-02 17,17459369101274,13418
2021-11-02 18,21139928821465,16606
2021-11-02 19,24918084194149,20152
2021-11-02 20,12918690908063,11641
2021-11-02 21,15583020736712,9096
2021-11-02 22,10073828214172,10754
2021-11-02 23,23914744953394,8108
2021-11-03 00,4417768027507,6078
2021-11-03 01,14145091816988,8636
2021-11-03 02,5702450266529,4544
2021-11-03 03,7982617136835,6569
2021-11-03 04,17422519427422,16061
2021-11-03 05,4222224290570,6521
2021-11-03 06,8556765034028,15531
2021-11-03 07,14394143866222,7557
2021-11-03 08,15507237013748,9792
2021-11-03 09,14485302561555,21261
2021-11-03 10,7896476006606,16857
2021-11-03 11,14828866857048,12266
2021-11-03 12,21322172786460,18820
2021-11-03 13,21444507345886,18782
2021-11-03 14,14231225391182,16145
2021-11-03 15,21594986049672,16029
2021-11-03 16,6920931305550,3095
2021-11-03 17,23310406149275,16689
2021-11-03 18,13840669284570,10124
2021-11-03 19,22983109441846,10598
2021-11-03 20,15500083056495,18833
2021-11-03 21,5370540964448,7510
2021-11-03 22,22300074548502,7963
2021-11-03 23,22166350971417,12836
2021-11-04 00,5479639115705,4880
2021-11-04 01,20807580031893,11440
2021-11-04 02,21113274223270,8800
2021-11-04 03,5459914521666,8037
2021-11-04 04,6565855850326,5739
2021-11-04 05,15137678351609,16628
2021-11-04 06,8693411234451,7145
2021-11-04 07,27281175160534,16188
2021-11-04 08,8936138784923,8993
2021-11-04 09,17717137337723,12297
2021-11-04 10,20760070421863,17563
2021-11-04 11,23676274745820,8597
2021-11-04 12,28234930728069,6761
2021-11-04 13,17334402137944,9489
2021-11-04 14,28103139420377,19569
2021-11-04 15,20085572523977,20721
2021-11-04 16,19680600871031,21590
2021-11-04 17,16594680240030,13747
2021-11-04 18,13374716563351,15992
2021-11-04 19,24804402576744,14221
2021-11-04 20,21540542140447,12435
2021-11-04 21,17802731902111,9867
2021-11-04 22,17100668976018,8185
2021-11-04 23,13138752707507,8647
2021-11-05 00,15561330343069,5808
2021-11-05 01,20003508610790,7969
2021-11-05 02,9644392976068,6958
2021-11-05 03,15860079130340,3429
2021-11-05 04,12012612338788,9690
2021-11-05 05,21043453149418,6113
2021-11-05 06,21951332092449,13617
2021-11-05 07,15025745569286,19265
2021-11-05 08,14738617149146,11344
2021-11-05 09,14498233784128,13726
2021-11-05 10,18950754172663,14881
2021-11-05 11,23761188098720,17425
2021-11-05 12,17430219228097,9202
2021-11-05 13,32293254856588,27433
2021-11-05 14,9777109736610,4639
2021-11-05 15,41219708192048,20463
2021-11-05 16,21195641429207,15060
2021-11-05 17,14014637095993,5828
2021-11-05 18,19122308888308,19169
2021-11-05 19,8557988158437,15107
2021-11-05 20,18624563895233,12121
2021-11-05 21,19621868572730,10066
2021-11-05 22,18128821581364,8296
2021-11-05 23,13792319215157,8689
2021-11-06 00,13163666620114,7005
2021-11-06 01,24861156949478,7366
2021-11-06 02,7184063647361,4287
2021-11-06 03,26768268962630,10010
2021-11-06 04,28749992621286,8403
2021-11-06 05,16706496968410,4932
2021-11-06 06,18208202660381,13158
2021-11-06 07,15443647228297,10082
2021-11-06 08,18084536221379,10569
2021-11-06 09,15794946837243,7318
2021-11-06 10,12415564916970,7903
2021-11-06 11,19671089995574,13617
2021-11-06 12,27416723708103,15640
2021-11-06 13,17549381219389,9179
2021-11-06 14,19404016314242,14764
2021-11-06 15,16538176213327,12562
2021-11-06 16,17643746229143,11817
2021-11-06 17,20367788853528,12529
2021-11-06 18,17577230873653,9865
2021-11-06 19,17859427561870,9824
2021-11-06 20,11817633434634,8352
2021-11-06 21,16297097232029,7674
2021-11-06 22,17166798399306,7582
2021-11-06 23,13769374173970,7328
2021-11-07 00,15226861571630,6580
2021-11-07 01,8285792360536,5596
2021-11-07 02,18853077230228,13970
2021-11-07 03,5912276930199,5953
2021-11-07 04,13957719162588,9038
2021-11-07 05,14781914347774,6052
2021-11-07 06,8964940119969,9124
2021-11-07 07,13839325799001,10669
2021-11-07 08,12408396808084,9854
2021-11-07 09,13067244056552,10298
2021-11-07 10,17407959865786,12773
2021-11-07 11,16913819335490,10769
2021-11-07 12,12568647118948,3034
2021-11-07 13,18378839429092,12664
2021-11-07 14,19140200373159,20401
2021-11-07 15,11684761687613,10668
2021-11-07 16,15223935139652,14691
2021-11-07 17,19481522270929,11601
2021-11-07 18,22836312612011,10056
2021-11-07 19,19598514756427,9753
2021-11-07 20,11394001122769,7648
2021-11-07 21,16501156124187,8975
2021-11-07 22,25024209148011,10722
2021-11-07 23,16637092161957,6524
2021-11-08 00,15904917027606,8449
2021-11-08 01,19928401125470,7986
2021-11-08 02,20276072160741,8196
2021-11-08 03,21723825083495,10626
2021-11-08 04,10630726625521,13315
2021-11-08 05,21219812509264,8205
2021-11-08 06,33534049114024,22800
2021-11-08 07,10464723888985,6099
2021-11-08 08,37239265334006,17979
2021-11-08 09,27071701971393,17285
2021-11-08 10,33953767536318,13942
2021-11-08 11,18743552737594,14094
2021-11-08 12,28329204385343,10330
2021-11-08 13,52447841820794,21171
2021-11-08 14,19830737920763,10439
2021-11-08 15,29858793049785,8784
2021-11-08 16,23114090299916,16633
2021-11-08 17,21761226966609,15046
2021-11-08 18,19502578582283,6241
2021-11-08 19,50433747797442,14317
2021-11-08 20,29161124402752,8449
2021-11-08 21,13850528427049,16990
2021-11-08 22,24139666855664,9492
2021-11-08 23,19364879233941,8532
2021-11-09 00,21394791402082,11749
2021-11-09 01,24132780585945,10746
2021-11-09 02,21864575426442,16836
2021-11-09 03,12865917267254,8900
2021-11-09 04,15109523083794,8689
2021-11-09 05,12407306367931,29487
2021-11-09 06,24355974951823,6203
2021-11-09 07,18907443205383,20909
2021-11-09 08,10305408608554,8438
2021-11-09 09,35400050202136,20822
2021-11-09 10,22301077439179,17370
2021-11-09 11,34540895413269,16226
2021-11-09 12,25419235004977,17127
2021-11-09 13,24308179584891,21130
2021-11-09 14,13730666983955,7917
2021-11-09 15,28854582546568,12824
2021-11-09 16,23923188864762,20927
2021-11-09 17,9852339413695,8403
2021-11-09 18,19170947047683,13346
2021-11-09 19,8545490229919,13899
2021-11-09 20,18563237023419,9585
2021-11-09 21,20347257665894,10828
2021-11-09 22,19656390486583,10685
2021-11-09 23,16000043168346,8949
2021-11-10 00,10739814797580,7304
2021-11-10 02,20731138143223,15662
2021-11-10 03,16554387824610,13994
2021-11-10 04,8438055681834,7054
2021-11-10 05,16390145247216,14771
2021-11-10 06,7596734430226,14446
2021-11-10 07,11171451887494,13937
2021-11-10 08,7092716839898,4984
2021-11-10 09,31286415344210,14438
2021-11-10 10,15408797674541,8228
2021-11-10 11,29434711132381,17930
2021-11-10 12,25869781417095,14909
2021-11-10 13,41685868856488,21012
2021-11-10 14,29346578041515,15379
2021-11-10 15,25957097842601,21162
2021-11-10 16,15819039389916,13346
2021-11-10 17,29297635317295,16909
2021-11-10 18,29426816765872,14227
2021-11-10 19,14376081046318,11286
2021-11-10 20,9607901437212,10701
2021-11-10 21,15151816098796,11841
2021-11-10 22,36131201843179,9640
2021-11-10 23,10107632537704,10399
2021-11-11 00,15014550415608,9794
2021-11-11 01,9948939032766,7442
2021-11-11 02,8984585590509,8267
2021-11-11 03,21975078847209,11007
2021-11-11 04,11415223495588,12624
2021-11-11 05,7980662914680,10130
2021-11-11 06,6440177087787,13121
2021-11-11 07,9688662119400,13937
2021-11-11 08,7922742927392,12200
2021-11-11 09,12057648783515,13994
2021-11-11 10,16911998161561,9284
2021-11-11 11,25321557148366,18070
2021-11-11 12,30031629740897,19045
2021-11-11 13,13920382233246,14966
2021-11-11 14,16949264825292,14453
2021-11-11 15,10577834339797,11445
2021-11-11 16,24482944038746,11143
2021-11-11 17,21112031354292,15563
2021-11-11 18,13026901437017,6744
2021-11-11 19,32409657071278,17855
2021-11-11 20,20165931045865,9683
2021-11-11 21,8688435160071,5769
2021-11-11 22,23143417891678,12355
2021-11-11 23,23494277133700,7632
2021-11-12 00,13936009476372,7321
2021-11-12 01,7790861226628,6994
2021-11-12 02,4741672837306,9207
2021-11-12 03,6116474326754,7196
2021-11-12 04,16245055149690,7479
2021-11-12 05,16462383411698,17423
2021-11-12 06,12054206529040,11387
2021-11-12 07,13450884917859,13929
2021-11-12 08,30392461581329,7943
2021-11-12 09,31155058988319,13395
2021-11-12 10,23767210813114,9238
2021-11-12 11,31101917401090,24815
2021-11-12 12,13143775757420,8766
2021-11-12 13,23712094446542,12663
2021-11-12 14,18818413881320,17982
2021-11-12 15,16550141760110,23708
2021-11-12 16,12045487749191,10629
2021-11-12 17,10276413618521,12188
2021-11-12 18,13236818020357,16180
2021-11-12 19,12855776498226,8167
2021-11-12 20,8013350265802,4582
2021-11-12 21,23239607725546,11851
2021-11-12 22,13860999419604,11375
2021-11-12 23,13048654774571,8555
2021-11-13 00,15386836282365,7277
2021-11-13 01,9564627808729,6895
2021-11-13 02,11207593323575,8491
2021-11-13 03,12268538194367,8125
2021-11-13 04,10634863217119,10027
2021-11-13 05,19251733617680,8668
2021-11-13 06,7007010647433,9957
2021-11-13 07,17509352187994,8762
2021-11-13 08,14680870189261,11702
2021-11-13 09,14247205206780,8073
2021-11-13 10,13386186384377,13503
2021-11-13 11,14107062144071,14778
2021-11-13 12,12148347800390,9302
2021-11-13 13,15838057052077,16241
2021-11-13 14,18560773729930,12309
2021-11-13 15,3122666338486,8981
2021-11-13 16,21491937431003,15295
2021-11-13 17,11922506452178,9704
2021-11-13 18,25577500702872,8906
2021-11-13 19,5640179354223,5275
2021-11-13 20,17977164716525,10734
2021-11-13 21,12530458802284,7581
2021-11-13 22,7823641216881,7554
2021-11-13 23,4723535016677,5936
2021-11-14 00,8403052395818,6621
2021-11-14 01,12140452462377,6690
2021-11-14 02,7059930088573,7356
2021-11-14 03,4987668505481,6014
2021-11-14 04,7438986639146,9585
2021-11-14 05,9018758127959,7488
2021-11-14 06,10130454145968,6936
2021-11-14 07,17841744908806,10727
2021-11-14 08,9608805317392,10471
2021-11-14 09,21243753480389,10869
2021-11-14 10,15209520542911,10227
2021-11-14 11,22072438682598,11031
2021-11-14 12,23869013697698,13605
2021-11-14 13,8402670026034,9676
2021-11-14 14,16718126862984,13270
2021-11-14 15,21766714133694,11761
2021-11-14 16,7355043900144,9658
2021-11-14 17,11149153941441,7484
2021-11-14 18,14697480936214,11827
2021-11-14 19,11058377225906,10915
2021-11-14 20,2875132894871,6197
2021-11-14 21,15155251953623,9737
2021-11-14 22,11698783194756,7403
2021-11-14 23,11313673674562,6995
2021-11-15 00,26000578028498,6848
2021-11-15 01,8010480655711,7238
2021-11-15 02,6738287648108,5625
2021-11-15 03,8753573470262,8866
2021-11-15 04,15393135511787,8636
2021-11-15 05,27330850180848,20372
2021-11-15 06,21846839697329,12989
2021-11-15 07,9059916353347,12361
2021-11-15 08,30827064794920,10773
2021-11-15 09,26687492420481,17386
2021-11-15 10,26854648501545,16486
2021-11-15 11,30436490939938,20482
2021-11-15 12,9948691010539,8784
2021-11-15 13,28181134211210,22988
2021-11-15 14,26239406720524,16710
2021-11-15 15,19061796552454,16966
2021-11-15 16,19193011594543,8931
2021-11-15 17,11677458076393,5314
2021-11-15 18,30351389502405,25531
2021-11-15 19,12726379743875,4817
2021-11-15 20,109900893584579,11637
2021-11-15 21,149104179567987,14508
2021-11-15 22,79615821726519,8666
2021-11-15 23,68678132465663,8427
2021-11-16 00,19928307399489,7356
2021-11-16 01,26973278970078,10478
2021-11-16 02,40373218946382,7493
2021-11-16 03,67394654366492,14049
2021-11-16 04,29128602275247,10193
2021-11-16 05,36427762740924,13070
2021-11-16 06,90649908435380,15225
2021-11-16 07,55049837181156,14050
2021-11-16 08,45210301345535,13044
2021-11-16 09,30512150609614,15027
2021-11-16 10,37640307206757,12636
2021-11-16 11,31908824592537,11491
2021-11-16 12,21562025687517,12847
2021-11-16 13,61820777902688,14395
2021-11-16 14,19328952073833,11174
2021-11-16 15,58930179901272,23979
2021-11-16 16,23419308796447,14254
2021-11-16 17,47721161888956,18006
2021-11-16 18,35162804955373,10845
2021-11-16 19,24726193430858,8253
2021-11-16 20,23729309894918,12621
2021-11-16 21,57143057061406,10596
2021-11-16 22,22814621586129,4358
2021-11-16 23,42814724430270,11660
2021-11-17 00,36251440491007,9692
2021-11-17 01,14273880223642,7038
2021-11-17 02,12615277803929,5901
2021-11-17 03,24849071854617,6681
2021-11-17 04,33414692449947,19188
2021-11-17 05,12417925769085,11534
2021-11-17 06,38988788674763,13333
2021-11-17 07,11535351568385,8857
2021-11-17 08,25326642491725,12445
2021-11-17 09,21239127844618,10582
2021-11-17 10,26114446658593,13879
2021-11-17 11,23046075268911,17443
2021-11-17 12,26628528775963,20453
2021-11-17 13,28007336511749,8652
2021-11-17 14,39401651037197,17506
2021-11-17 15,21579481414413,18148
2021-11-17 16,15025670876585,13101
2021-11-17 17,20751598746695,16447
2021-11-17 18,28037030932541,10948
2021-11-17 19,12043394745939,9327
2021-11-17 20,69705570023693,13578
2021-11-17 21,16635293880205,7008
2021-11-17 22,30223418591919,12148
2021-11-17 23,8240208296446,5999
2021-11-18 00,15896412430055,7921
2021-11-18 01,9866048343472,6695
2021-11-18 02,7983927246573,7730
2021-11-18 03,19162573657814,14075
2021-11-18 04,10118000280209,8536
2021-11-18 05,16662781029842,13246
2021-11-18 06,13635095718671,11550
2021-11-18 07,22946043490412,8471
2021-11-18 08,6907761158568,11314
2021-11-18 09,20490342160190,7989
2021-11-18 10,29602619680867,27143
2021-11-18 11,25967549174085,15914
2021-11-18 12,14444585098201,8447
2021-11-18 13,46488268558208,23985
2021-11-18 14,42766822576478,14664
2021-11-18 15,21589681051545,9431
2021-11-18 16,29099368117138,8673
2021-11-18 17,28706168080208,20590
2021-11-18 18,29074102473801,20335
2021-11-18 19,14009585843001,8425
2021-11-18 20,14305963551601,13491
2021-11-18 21,13068952792944,7520
2021-11-18 22,26241349782899,11664
2021-11-18 23,7016840804699,5539
2021-11-19 00,18845341673186,10526
2021-11-19 01,23051080472099,10130
2021-11-19 02,9653578199564,6105
2021-11-19 03,12265343002981,13317
2021-11-19 04,12338349441007,9241
2021-11-19 05,18097020571367,12582
2021-11-19 06,16663535588010,9532
2021-11-19 07,9859741757174,2076
2021-11-19 08,32895825330081,17930
2021-11-19 09,29494340378659,9953
2021-11-19 10,38101247596579,15334
2021-11-19 11,31480609739551,15011
2021-11-19 12,22081837908237,16541
2021-11-19 13,9319943570181,14492
2021-11-19 14,14172433708994,19208
2021-11-19 15,22319275988891,12490
2021-11-19 16,17322545203578,16298
2021-11-19 18,39132594825856,12560
2021-11-19 19,22767945042214,23179
2021-11-19 20,8350226291239,5154
2021-11-19 21,22186750132154,8022
2021-11-19 22,20716991191996,16186
2021-11-19 23,13680920759352,6678
2021-11-20 00,10786590155971,7495
2021-11-20 01,11297840766268,7229
2021-11-20 02,8984152295263,7563
2021-11-20 03,5979396385949,7857
2021-11-20 04,13990490410338,11983
2021-11-20 05,6780608333962,8925
2021-11-20 06,6598505631146,11083
2021-11-20 07,6645563324376,8350
2021-11-20 08,23178120153750,14202
2021-11-20 10,56307857724802,15724
2021-11-20 11,20802295187385,14734
2021-11-20 12,10323683584998,13459
2021-11-20 13,23653053763882,16795
2021-11-20 14,6151573308053,6256
2021-11-20 15,22165810732607,12583
2021-11-20 16,18742843927482,16775
2021-11-20 17,10496004167928,10355
2021-11-20 18,13339735991377,12869
2021-11-20 19,9495189075730,9375
2021-11-20 20,12669528787470,8494
2021-11-20 21,11449832557187,7075
2021-11-20 22,10014022435260,4878
2021-11-20 23,13137925208369,8022
2021-11-21 00,16203182949695,7025
2021-11-21 01,6107044663446,5834
2021-11-21 02,17442720876327,7797
2021-11-21 03,6403968200303,3928
2021-11-21 04,29022256231624,12160
2021-11-21 05,4995718007017,6820
2021-11-21 06,14935420633348,11742
2021-11-21 07,5022837181786,7245
2021-11-21 08,8577101413385,6084
2021-11-21 09,24295400880740,7551
2021-11-21 10,25946327844536,15028
2021-11-21 11,9023325823497,5894
2021-11-21 12,25189855076935,13932
2021-11-21 13,22788031474223,17238
2021-11-21 14,14449778561856,9807
2021-11-21 15,15524662880980,11536
2021-11-21 16,16308408605725,11871
2021-11-21 17,12221888525938,11334
2021-11-21 18,17759694911925,8980
2021-11-21 19,19061688729393,12674
2021-11-21 20,13000052325455,8580
2021-11-21 21,7627335445561,5510
2021-11-21 22,15715888146055,8527
2021-11-21 23,18512004822418,8286
2021-11-22 00,7061641338405,6553
2021-11-22 01,21053161354294,7093
2021-11-22 02,18420537041665,9017
2021-11-22 03,18586753194418,5489
2021-11-22 04,9579539085551,8268
2021-11-22 05,18925587814652,13359
2021-11-22 06,16620853511058,17010
2021-11-22 07,11190121421188,11893
2021-11-22 08,17923003160683,14305
2021-11-22 09,8110674763280,8412
2021-11-22 10,38488604865503,21294
2021-11-22 11,14256115060351,8536
2021-11-22 12,32411839643416,16108
2021-11-22 13,28098342915326,15913
2021-11-22 14,21931149673972,18467
2021-11-22 15,18921678736876,18913
2021-11-22 16,14401759250706,10612
2021-11-22 17,27616920710822,14379
2021-11-22 18,26827272834337,15822
2021-11-22 19,8162259320921,6819
2021-11-22 20,21663279486118,14267
2021-11-22 21,21861180405806,7870
2021-11-22 22,18296391562783,9483
2021-11-22 23,22414801691103,8433
2021-11-23 00,10175127004822,7341
2021-11-23 01,17039676198213,7942
2021-11-23 02,14662416843816,9078
2021-11-23 03,13149266157070,11853
2021-11-23 04,12468870535708,10554
2021-11-23 05,13733810695886,8828
2021-11-23 06,12720178676023,16962
2021-11-23 07,19413049980338,7132
2021-11-23 08,9522005795074,11336
2021-11-23 09,23437527395778,19662
2021-11-23 10,27449495192809,14883
2021-11-23 11,15414405411056,17571
2021-11-23 12,17309126020968,8953
2021-11-23 13,22590093995824,12858
2021-11-23 14,21926238694347,9357
2021-11-23 15,36073179493077,27306
2021-11-23 16,12242703329813,11511
2021-11-23 17,9046268211276,8457
2021-11-23 18,18482947162259,13224
2021-11-23 19,27092405396215,8540
2021-11-23 20,26711733697471,20701
2021-11-23 21,17681550783172,9735
2021-11-23 22,19789403489382,9187
2021-11-23 23,17546669193437,7642
2021-11-24 00,11165008934139,8252
2021-11-24 01,15188679822845,5100
2021-11-24 02,23695582074717,14033
2021-11-24 03,15812396250624,10820
2021-11-24 04,16997005544105,10442
2021-11-24 05,11814224793923,9716
2021-11-24 06,20434647695698,6771
2021-11-24 07,35514106795476,13214
2021-11-24 08,5842914394241,5754
2021-11-24 09,37686382719605,24708
2021-11-24 10,26144141060432,13590
2021-11-24 11,17988196261400,18697
2021-11-24 12,21958490014470,9037
2021-11-24 13,38274316211131,21190
2021-11-24 14,22688191465700,19883
2021-11-24 15,10671979182302,10329
2021-11-24 16,19958354234811,12714
2021-11-24 17,9678980382579,2406
2021-11-24 18,28393524910403,20787
2021-11-24 19,17821114849817,14201
2021-11-24 20,32409756652101,14554
2021-11-24 21,16759434907927,10650
2021-11-24 22,12089545959441,8288
2021-11-24 23,16735870396182,9305
2021-11-25 00,12611198843537,7432
2021-11-25 01,8749899729592,9099
2021-11-25 02,15891463265691,9395
2021-11-25 03,13670532098669,10188
2021-11-25 04,11056949599660,6003
2021-11-25 05,21240407094373,18262
2021-11-25 06,8686945084669,7831
2021-11-25 07,20925341358423,6019
2021-11-25 08,19781573594120,12372
2021-11-25 09,24111738690818,11562
2021-11-25 10,25312906521685,15714
2021-11-25 11,35965355102108,23066
2021-11-25 12,30191803532656,17573
2021-11-25 13,36595529220919,20885
2021-11-25 14,20346293752935,2853
2021-11-25 15,37931641248564,12115
2021-11-25 16,17419925519766,11085
2021-11-25 17,23878213831023,6397
2021-11-25 18,43035635713276,22382
2021-11-25 19,21046521816949,14466
2021-11-25 20,13434149607619,10568
2021-11-25 21,26771265322688,3561
2021-11-25 22,16982128380933,8307
2021-11-25 23,18506250911450,9038
2021-11-26 00,19607165506017,13438
2021-11-26 01,6816098961294,2614
2021-11-26 02,24149397621623,8491
2021-11-26 03,18893073831756,15836
2021-11-26 04,10550447602502,7214
2021-11-26 05,21734648871567,14481
2021-11-26 06,23856573843875,14983
2021-11-26 07,18489091022741,9727
2021-11-26 08,17911133179566,14628
2021-11-26 09,25613226642559,14431
2021-11-26 10,23033267788772,16120
2021-11-26 11,28940257949034,13413
2021-11-26 12,30265655876288,21557
2021-11-26 13,26528394812554,14226
2021-11-26 14,23684228472689,14713
2021-11-26 15,27331638841029,11692
2021-11-26 16,17744389549043,13555
2021-11-26 17,21854240046323,13970
2021-11-26 18,24358691205529,13479
2021-11-26 19,15283747918511,12603
2021-11-26 20,17198112062875,11926
2021-11-26 21,7034636746275,7689
2021-11-26 22,7379382297672,8443
2021-11-26 23,4496043437804,6510
2021-11-27 00,13949313980980,7565
2021-11-27 01,11680988598225,7949
2021-11-27 02,7586862461931,7052
2021-11-27 03,10677256738103,10167
2021-11-27 04,13035308433526,8217
2021-11-27 05,20581169394138,10354
2021-11-27 06,15740433888308,11713
2021-11-27 07,19473156105063,10878
2021-11-27 08,7750574594024,9831
2021-11-27 09,8875148835281,10739
2021-11-27 10,12067337017197,11841
2021-11-27 11,7458244229345,11319
2021-11-27 12,17636874185182,11404
2021-11-27 13,13526127674336,14083
2021-11-27 14,11070790565324,11218
2021-11-27 15,7700623432689,7895
2021-11-27 16,13990556086341,10717
2021-11-27 17,11272855561358,9157
2021-11-27 18,17947003418908,11207
2021-11-27 19,12045333065184,12885
2021-11-27 20,12457944539394,4712
2021-11-27 21,7358984882580,8657
2021-11-27 22,14305488268496,6920
2021-11-27 23,12150228501292,6460
2021-11-28 00,14369949620961,6786
2021-11-28 01,13781518724470,5201
2021-11-28 02,18960671249149,6787
2021-11-28 03,9304270840010,7015
2021-11-28 04,10010469171663,8279
2021-11-28 05,4665271729997,4169
2021-11-28 06,16805443794735,11018
2021-11-28 07,6727024398724,3445
2021-11-28 08,12416375097416,13585
2021-11-28 09,12088168490991,8693
2021-11-28 10,10279296074119,12455
2021-11-28 11,12345835275578,7491
2021-11-28 12,15628019453697,15277
2021-11-28 13,29080139400026,12990
2021-11-28 14,10882335253175,9905
2021-11-28 15,15433393098475,9720
2021-11-28 16,12915184507543,11084
2021-11-28 17,11483358869261,10041
2021-11-28 18,13415805651381,14248
2021-11-28 19,24671302177590,8830
2021-11-28 20,13585955197148,9428
2021-11-28 21,9175836498841,5569
2021-11-28 22,12241538350729,10296
2021-11-28 23,19935902276283,7541
2021-11-29 00,8697861730118,7861
2021-11-29 01,14815891270915,8837
2021-11-29 02,16301245595391,8955
2021-11-29 03,18226843555170,7772
2021-11-29 04,9715563897186,10621
2021-11-29 05,15508467569686,9561
2021-11-29 06,22026598246617,13623
2021-11-29 07,14392141472429,12345
2021-11-29 08,20067307904130,18377
2021-11-29 09,10757445370823,11857
2021-11-29 10,12343955390048,19226
2021-11-29 11,20196252779573,8811
2021-11-29 12,28584491243656,12457
2021-11-29 13,23462992904455,25828
2021-11-29 14,31204285920516,21509
2021-11-29 15,22248473130717,17554
2021-11-29 16,16742044134783,16280
2021-11-29 17,11238852042702,8797
2021-11-29 18,30093865865572,15554
2021-11-29 19,13871392182337,12638
2021-11-29 20,12998238800230,11662
2021-11-29 21,18736620050924,12472
2021-11-29 22,13685169302292,7296
2021-11-29 23,10708374543751,9267
2021-11-30 00,16343477129141,9037
2021-11-30 01,4053891257270,8643
2021-11-30 02,8006560807801,3308
2021-11-30 03,26179371498168,13994
2021-11-30 04,11401845902172,9389
2021-11-30 05,33361549103630,16304
2021-11-30 06,15920669979281,7834
2021-11-30 07,18730281610597,18051
2021-11-30 08,27282971644991,15167
2021-11-30 09,12841155776901,13773
2021-11-30 10,26374536826510,10403
2021-11-30 11,26532971647295,21257
2021-11-30 12,21996055442986,14652
2021-11-30 13,11354858303649,6548
2021-11-30 14,18041028614272,20379
2021-11-30 15,31536294627864,12461
2021-11-30 16,6248401328651,5756
2021-11-30 17,24216033316733,14473
2021-11-30 18,19741530554148,12245
2021-11-30 19,9906974989488,19505
2021-11-30 20,14931959171689,8836
2021-11-30 21,18588059616220,15613
2021-11-30 22,9272402047303,8289
2021-11-30 23,7884882080274,11185
2021-12-01 00,9482532579808,7536
2021-12-01 01,5681031213867,10637
2021-12-01 02,16680180692808,12222
2021-12-01 03,20658209217447,9673
2021-12-01 04,21475383133793,9435
2021-12-01 05,16322206796902,10732
2021-12-01 06,887261414619,1936
2021-12-01 07,29987914015513,17414
2021-12-01 08,17517539907024,10443
2021-12-01 09,15452344527861,14026
2021-12-01 10,8483321187232,13801
2021-12-01 11,14083807169625,11173
2021-12-01 12,19379054981155,21031
2021-12-01 13,24249088526119,16057
2021-12-01 14,18344442401413,11987
2021-12-01 15,18834750622452,9227
2021-12-01 16,18283740254015,21313
